<?xml version="1.0"?>
<WadSounds xmlns:xsd="http://www.w3.org/2001/XMLSchema" xmlns:xsi="http://www.w3.org/2001/XMLSchema-instance">
  <SoundInfos>
    <WadSoundInfo>
      <Id>1</Id>
      <Name>TR5_LARA_CLIMB2</Name>
      <Volume>100</Volume>
      <RangeInSectors>13</RangeInSectors>
      <Chance>100</Chance>
      <PitchFactor>0</PitchFactor>
      <DisablePanning>false</DisablePanning>
      <RandomizePitch>false</RandomizePitch>
      <RandomizeVolume>true</RandomizeVolume>
      <LoopBehaviour>None</LoopBehaviour>
      <Samples>
        <WadSample>
          <FileName>TR5_LARA_CLIMB2_01.wav</FileName>
        </WadSample>
      </Samples>
      <Global>true</Global>
      <Indexed>false</Indexed>
    </WadSoundInfo>
    <WadSoundInfo>
      <Id>2</Id>
      <Name>TR5_LARA_NO</Name>
      <Volume>50</Volume>
      <RangeInSectors>13</RangeInSectors>
      <Chance>100</Chance>
      <PitchFactor>0</PitchFactor>
      <DisablePanning>false</DisablePanning>
      <RandomizePitch>false</RandomizePitch>
      <RandomizeVolume>false</RandomizeVolume>
      <LoopBehaviour>None</LoopBehaviour>
      <Samples>
        <WadSample>
          <FileName>TR5_LARA_no_01.wav</FileName>
        </WadSample>
      </Samples>
      <Global>true</Global>
      <Indexed>false</Indexed>
    </WadSoundInfo>
    <WadSoundInfo>
      <Id>5</Id>
      <Name>TR5_LARA_CLIMB1</Name>
      <Volume>60</Volume>
      <RangeInSectors>13</RangeInSectors>
      <Chance>100</Chance>
      <PitchFactor>0</PitchFactor>
      <DisablePanning>false</DisablePanning>
      <RandomizePitch>true</RandomizePitch>
      <RandomizeVolume>false</RandomizeVolume>
      <LoopBehaviour>None</LoopBehaviour>
      <Samples>
        <WadSample>
          <FileName>TR5_LARA_CLIMB1_01.wav</FileName>
        </WadSample>
      </Samples>
      <Global>true</Global>
      <Indexed>false</Indexed>
    </WadSoundInfo>
    <WadSoundInfo>
      <Id>8</Id>
      <Name>TR5_LARA_PISTOL_FIRE</Name>
      <Volume>75</Volume>
      <RangeInSectors>10</RangeInSectors>
      <Chance>100</Chance>
      <PitchFactor>0</PitchFactor>
      <DisablePanning>false</DisablePanning>
      <RandomizePitch>false</RandomizePitch>
      <RandomizeVolume>false</RandomizeVolume>
      <LoopBehaviour>OneShotRewound</LoopBehaviour>
      <Samples>
        <WadSample>
          <FileName>TR5_LARA_PISTOL_FIRE_01.wav</FileName>
        </WadSample>
      </Samples>
      <Global>true</Global>
      <Indexed>false</Indexed>
    </WadSoundInfo>
    <WadSoundInfo>
      <Id>9</Id>
      <Name>TR5_LARA_RELOAD</Name>
      <Volume>80</Volume>
      <RangeInSectors>13</RangeInSectors>
      <Chance>100</Chance>
      <PitchFactor>0</PitchFactor>
      <DisablePanning>false</DisablePanning>
      <RandomizePitch>false</RandomizePitch>
      <RandomizeVolume>false</RandomizeVolume>
      <LoopBehaviour>None</LoopBehaviour>
      <Samples>
        <WadSample>
          <FileName>TR5_LARA_RELOAD_01.wav</FileName>
        </WadSample>
      </Samples>
      <Global>true</Global>
      <Indexed>false</Indexed>
    </WadSoundInfo>
    <WadSoundInfo>
      <Id>26</Id>
      <Name>TR5_LARA_CLIMB3</Name>
      <Volume>65</Volume>
      <RangeInSectors>13</RangeInSectors>
      <Chance>100</Chance>
      <PitchFactor>0</PitchFactor>
      <DisablePanning>false</DisablePanning>
      <RandomizePitch>false</RandomizePitch>
      <RandomizeVolume>true</RandomizeVolume>
      <LoopBehaviour>None</LoopBehaviour>
      <Samples>
        <WadSample>
          <FileName>TR5_LARA_CLIMB3_01.wav</FileName>
        </WadSample>
      </Samples>
      <Global>true</Global>
      <Indexed>false</Indexed>
    </WadSoundInfo>
    <WadSoundInfo>
      <Id>30</Id>
      <Name>TR5_LARA_FALL</Name>
      <Volume>60</Volume>
      <RangeInSectors>13</RangeInSectors>
      <Chance>100</Chance>
      <PitchFactor>0</PitchFactor>
      <DisablePanning>false</DisablePanning>
      <RandomizePitch>false</RandomizePitch>
      <RandomizeVolume>false</RandomizeVolume>
      <LoopBehaviour>None</LoopBehaviour>
      <Samples>
        <WadSample>
          <FileName>TR5_LARA_FALL_01.wav</FileName>
        </WadSample>
      </Samples>
      <Global>true</Global>
      <Indexed>false</Indexed>
    </WadSoundInfo>
    <WadSoundInfo>
      <Id>31</Id>
      <Name>TR5_LARA_INJURY</Name>
      <Volume>65</Volume>
      <RangeInSectors>13</RangeInSectors>
      <Chance>70</Chance>
      <PitchFactor>0</PitchFactor>
      <DisablePanning>false</DisablePanning>
      <RandomizePitch>true</RandomizePitch>
      <RandomizeVolume>true</RandomizeVolume>
      <LoopBehaviour>None</LoopBehaviour>
      <Samples>
        <WadSample>
          <FileName>TR5_LARA_INJURY_01.wav</FileName>
        </WadSample>
      </Samples>
      <Global>true</Global>
      <Indexed>false</Indexed>
    </WadSoundInfo>
    <WadSoundInfo>
      <Id>32</Id>
      <Name>TR5_LARA_ROLLING</Name>
      <Volume>35</Volume>
      <RangeInSectors>13</RangeInSectors>
      <Chance>100</Chance>
      <PitchFactor>15</PitchFactor>
      <DisablePanning>false</DisablePanning>
      <RandomizePitch>false</RandomizePitch>
      <RandomizeVolume>false</RandomizeVolume>
      <LoopBehaviour>None</LoopBehaviour>
      <Samples>
        <WadSample>
          <FileName>TR5_LARA_ROLLING_01.wav</FileName>
        </WadSample>
      </Samples>
      <Global>true</Global>
      <Indexed>false</Indexed>
    </WadSoundInfo>
    <WadSoundInfo>
      <Id>35</Id>
      <Name>TR5_LARA_SWIM</Name>
      <Volume>50</Volume>
      <RangeInSectors>13</RangeInSectors>
      <Chance>100</Chance>
      <PitchFactor>-15</PitchFactor>
      <DisablePanning>false</DisablePanning>
      <RandomizePitch>true</RandomizePitch>
      <RandomizeVolume>true</RandomizeVolume>
      <LoopBehaviour>None</LoopBehaviour>
      <Samples>
        <WadSample>
          <FileName>TR5_LARA_SWIM_01.wav</FileName>
        </WadSample>
      </Samples>
      <Global>true</Global>
      <Indexed>false</Indexed>
    </WadSoundInfo>
    <WadSoundInfo>
      <Id>36</Id>
      <Name>TR5_LARA_BREATH</Name>
      <Volume>65</Volume>
      <RangeInSectors>13</RangeInSectors>
      <Chance>100</Chance>
      <PitchFactor>20</PitchFactor>
      <DisablePanning>false</DisablePanning>
      <RandomizePitch>false</RandomizePitch>
      <RandomizeVolume>true</RandomizeVolume>
      <LoopBehaviour>None</LoopBehaviour>
      <Samples>
        <WadSample>
          <FileName>TR5_LARA_BREATH_01.wav</FileName>
        </WadSample>
      </Samples>
      <Global>true</Global>
      <Indexed>false</Indexed>
    </WadSoundInfo>
    <WadSoundInfo>
      <Id>39</Id>
      <Name>TR5_LARA_KEY</Name>
      <Volume>60</Volume>
      <RangeInSectors>13</RangeInSectors>
      <Chance>100</Chance>
      <PitchFactor>20</PitchFactor>
      <DisablePanning>false</DisablePanning>
      <RandomizePitch>false</RandomizePitch>
      <RandomizeVolume>false</RandomizeVolume>
      <LoopBehaviour>None</LoopBehaviour>
      <Samples>
        <WadSample>
          <FileName>TR5_LARA_KEY_01.wav</FileName>
        </WadSample>
      </Samples>
      <Global>true</Global>
      <Indexed>false</Indexed>
    </WadSoundInfo>
    <WadSoundInfo>
      <Id>45</Id>
      <Name>TR5_LARA_SHOTGUN_FIRE</Name>
      <Volume>75</Volume>
      <RangeInSectors>13</RangeInSectors>
      <Chance>100</Chance>
      <PitchFactor>10</PitchFactor>
      <DisablePanning>false</DisablePanning>
      <RandomizePitch>true</RandomizePitch>
      <RandomizeVolume>true</RandomizeVolume>
      <LoopBehaviour>None</LoopBehaviour>
      <Samples>
        <WadSample>
          <FileName>TR5_LARA_SHOTGUN_01.wav</FileName>
        </WadSample>
      </Samples>
      <Global>true</Global>
      <Indexed>false</Indexed>
    </WadSoundInfo>
    <WadSoundInfo>
      <Id>46</Id>
      <Name>TR5_LARA_BLOCK_PUSH1</Name>
      <Volume>100</Volume>
      <RangeInSectors>16</RangeInSectors>
      <Chance>100</Chance>
      <PitchFactor>0</PitchFactor>
      <DisablePanning>false</DisablePanning>
      <RandomizePitch>true</RandomizePitch>
      <RandomizeVolume>true</RandomizeVolume>
      <LoopBehaviour>None</LoopBehaviour>
      <Samples>
        <WadSample>
          <FileName>TR5_LARA_BLOCK_PUSH1_01.wav</FileName>
        </WadSample>
      </Samples>
      <Global>true</Global>
      <Indexed>true</Indexed>
    </WadSoundInfo>
    <WadSoundInfo>
      <Id>47</Id>
      <Name>TR5_LARA_BLOCK_PUSH2</Name>
      <Volume>79</Volume>
      <RangeInSectors>16</RangeInSectors>
      <Chance>49</Chance>
      <PitchFactor>0</PitchFactor>
      <DisablePanning>false</DisablePanning>
      <RandomizePitch>true</RandomizePitch>
      <RandomizeVolume>true</RandomizeVolume>
      <LoopBehaviour>None</LoopBehaviour>
      <Samples>
        <WadSample>
          <FileName>TR5_LARA_BLOCK_PUSH2_01.wav</FileName>
        </WadSample>
      </Samples>
      <Global>true</Global>
      <Indexed>true</Indexed>
    </WadSoundInfo>
    <WadSoundInfo>
      <Id>54</Id>
      <Name>TR5_LARA_GRABBODY</Name>
      <Volume>65</Volume>
      <RangeInSectors>13</RangeInSectors>
      <Chance>100</Chance>
      <PitchFactor>0</PitchFactor>
      <DisablePanning>false</DisablePanning>
      <RandomizePitch>true</RandomizePitch>
      <RandomizeVolume>true</RandomizeVolume>
      <LoopBehaviour>None</LoopBehaviour>
      <Samples>
        <WadSample>
          <FileName>tr5_lara_grabbody_01.wav</FileName>
        </WadSample>
      </Samples>
      <Global>true</Global>
      <Indexed>true</Indexed>
    </WadSoundInfo>
    <WadSoundInfo>
      <Id>116</Id>
      <Name>TR5_UI_MEDI</Name>
      <Volume>35</Volume>
      <RangeInSectors>10</RangeInSectors>
      <Chance>100</Chance>
      <PitchFactor>0</PitchFactor>
      <DisablePanning>false</DisablePanning>
      <RandomizePitch>false</RandomizePitch>
      <RandomizeVolume>false</RandomizeVolume>
      <LoopBehaviour>None</LoopBehaviour>
      <Samples>
        <WadSample>
          <FileName>TR5_UI_Medi_01.wav</FileName>
        </WadSample>
      </Samples>
      <Global>true</Global>
      <Indexed>false</Indexed>
    </WadSoundInfo>
    <WadSoundInfo>
      <Id>345</Id>
      <Name>TR5_LARA_USE_OBJECT</Name>
      <Volume>50</Volume>
      <RangeInSectors>5</RangeInSectors>
      <Chance>100</Chance>
      <PitchFactor>50</PitchFactor>
      <DisablePanning>false</DisablePanning>
      <RandomizePitch>false</RandomizePitch>
      <RandomizeVolume>false</RandomizeVolume>
      <LoopBehaviour>None</LoopBehaviour>
      <Samples>
        <WadSample>
          <FileName>tr5_lara_use_object_01.wav</FileName>
        </WadSample>
      </Samples>
      <Global>true</Global>
      <Indexed>false</Indexed>
    </WadSoundInfo>
  </SoundInfos>
</WadSounds>