﻿<?xml version="1.0" encoding="utf-8"?>
<WadSounds xmlns:xsi="http://www.w3.org/2001/XMLSchema-instance" xmlns:xsd="http://www.w3.org/2001/XMLSchema">
	<SoundInfos>
		<WadSoundInfo>
			<Id>382</Id>
			<Name>TR1_Bear_Growl</Name>
			<Volume>100</Volume>
			<RangeInSectors>8</RangeInSectors>
			<Chance>100</Chance>
			<PitchFactor>0</PitchFactor>
			<DisablePanning>false</DisablePanning>
			<RandomizePitch>true</RandomizePitch>
			<RandomizeVolume>true</RandomizeVolume>
			<LoopBehaviour>OneShotWait</LoopBehaviour>
			<Samples>
				<WadSample>
					<FileName>TR1_Bear_Growl_01.wav</FileName>
				</WadSample>
			</Samples>
			<Global>false</Global>
			<Indexed>false</Indexed>
		</WadSoundInfo>
		<WadSoundInfo>
			<Id>383</Id>
			<Name>TR1_Bear_Feet</Name>
			<Volume>70</Volume>
			<RangeInSectors>8</RangeInSectors>
			<Chance>100</Chance>
			<PitchFactor>0</PitchFactor>
			<DisablePanning>false</DisablePanning>
			<RandomizePitch>true</RandomizePitch>
			<RandomizeVolume>true</RandomizeVolume>
			<LoopBehaviour>OneShotWait</LoopBehaviour>
			<Samples>
				<WadSample>
					<FileName>TR1_Bear_Feet_01.wav</FileName>
				</WadSample>
			</Samples>
			<Global>false</Global>
			<Indexed>false</Indexed>
		</WadSoundInfo>
		<WadSoundInfo>
			<Id>384</Id>
			<Name>TR1_Bear_Attack</Name>
			<Volume>100</Volume>
			<RangeInSectors>8</RangeInSectors>
			<Chance>100</Chance>
			<PitchFactor>0</PitchFactor>
			<DisablePanning>false</DisablePanning>
			<RandomizePitch>true</RandomizePitch>
			<RandomizeVolume>true</RandomizeVolume>
			<LoopBehaviour>OneShotWait</LoopBehaviour>
			<Samples>
				<WadSample>
					<FileName>TR1_Bear_Attack_01.wav</FileName>
				</WadSample>
			</Samples>
			<Global>false</Global>
			<Indexed>false</Indexed>
		</WadSoundInfo>
		<WadSoundInfo>
			<Id>385</Id>
			<Name>TR1_Bear_Snarl</Name>
			<Volume>80</Volume>
			<RangeInSectors>8</RangeInSectors>
			<Chance>100</Chance>
			<PitchFactor>0</PitchFactor>
			<DisablePanning>false</DisablePanning>
			<RandomizePitch>true</RandomizePitch>
			<RandomizeVolume>true</RandomizeVolume>
			<LoopBehaviour>OneShotWait</LoopBehaviour>
			<Samples>
				<WadSample>
					<FileName>TR1_Bear_Snarl_01.wav</FileName>
				</WadSample>
				<WadSample>
					<FileName>TR1_Bear_Snarl_02.wav</FileName>
				</WadSample>
			</Samples>
			<Global>false</Global>
			<Indexed>false</Indexed>
		</WadSoundInfo>
		<WadSoundInfo>
			<Id>386</Id>
			<Name>TR1_Bear_Hurt</Name>
			<Volume>70</Volume>
			<RangeInSectors>8</RangeInSectors>
			<Chance>100</Chance>
			<PitchFactor>0</PitchFactor>
			<DisablePanning>false</DisablePanning>
			<RandomizePitch>true</RandomizePitch>
			<RandomizeVolume>true</RandomizeVolume>
			<LoopBehaviour>OneShotWait</LoopBehaviour>
			<Samples>
				<WadSample>
					<FileName>TR1_Bear_Takehit_01.wav</FileName>
				</WadSample>
			</Samples>
			<Global>false</Global>
			<Indexed>false</Indexed>
		</WadSoundInfo>
		<WadSoundInfo>
			<Id>387</Id>
			<Name>TR1_Bear_Death</Name>
			<Volume>100</Volume>
			<RangeInSectors>8</RangeInSectors>
			<Chance>100</Chance>
			<PitchFactor>0</PitchFactor>
			<DisablePanning>false</DisablePanning>
			<RandomizePitch>true</RandomizePitch>
			<RandomizeVolume>true</RandomizeVolume>
			<LoopBehaviour>OneShotWait</LoopBehaviour>
			<Samples>
				<WadSample>
					<FileName>TR1_Bear_Death_01.wav</FileName>
				</WadSample>
			</Samples>
			<Global>false</Global>
			<Indexed>false</Indexed>
		</WadSoundInfo>
		<WadSoundInfo>
			<Id>388</Id>
			<Name>TR1_Bat_Squeak</Name>
			<Volume>100</Volume>
			<RangeInSectors>8</RangeInSectors>
			<Chance>100</Chance>
			<PitchFactor>10</PitchFactor>
			<DisablePanning>false</DisablePanning>
			<RandomizePitch>true</RandomizePitch>
			<RandomizeVolume>true</RandomizeVolume>
			<LoopBehaviour>OneShotWait</LoopBehaviour>
			<Samples>
				<WadSample>
					<FileName>TR1_Bat_Squeak_01.wav</FileName>
				</WadSample>
			</Samples>
			<Global>false</Global>
			<Indexed>false</Indexed>
		</WadSoundInfo>
		<WadSoundInfo>
			<Id>389</Id>
			<Name>TR1_Bat_Flap</Name>
			<Volume>100</Volume>
			<RangeInSectors>8</RangeInSectors>
			<Chance>100</Chance>
			<PitchFactor>10</PitchFactor>
			<DisablePanning>false</DisablePanning>
			<RandomizePitch>true</RandomizePitch>
			<RandomizeVolume>true</RandomizeVolume>
			<LoopBehaviour>None</LoopBehaviour>
			<Samples>
				<WadSample>
					<FileName>TR1_Bat_Flap_01.wav</FileName>
				</WadSample>
			</Samples>
			<Global>false</Global>
			<Indexed>false</Indexed>
		</WadSoundInfo>
		<WadSoundInfo>
			<Id>390</Id>
			<Name>TR1_Stone_Door</Name>
			<Volume>100</Volume>
			<RangeInSectors>8</RangeInSectors>
			<Chance>100</Chance>
			<PitchFactor>0</PitchFactor>
			<DisablePanning>false</DisablePanning>
			<RandomizePitch>true</RandomizePitch>
			<RandomizeVolume>true</RandomizeVolume>
			<LoopBehaviour>OneShotWait</LoopBehaviour>
			<Samples>
				<WadSample>
					<FileName>TR1_Stone_Door_01.wav</FileName>
				</WadSample>
			</Samples>
			<Global>false</Global>
			<Indexed>false</Indexed>
		</WadSoundInfo>
		<WadSoundInfo>
			<Id>391</Id>
			<Name>TR1_Pendulum_Blades</Name>
			<Volume>100</Volume>
			<RangeInSectors>8</RangeInSectors>
			<Chance>100</Chance>
			<PitchFactor>0</PitchFactor>
			<DisablePanning>false</DisablePanning>
			<RandomizePitch>true</RandomizePitch>
			<RandomizeVolume>false</RandomizeVolume>
			<LoopBehaviour>None</LoopBehaviour>
			<Samples>
				<WadSample>
					<FileName>TR1_Pendulum_Blades_01.wav</FileName>
				</WadSample>
			</Samples>
			<Global>false</Global>
			<Indexed>false</Indexed>
		</WadSoundInfo>
		<WadSoundInfo>
			<Id>392</Id>
			<Name>TR1_T-Rex_Death</Name>
			<Volume>100</Volume>
			<RangeInSectors>20</RangeInSectors>
			<Chance>100</Chance>
			<PitchFactor>0</PitchFactor>
			<DisablePanning>false</DisablePanning>
			<RandomizePitch>true</RandomizePitch>
			<RandomizeVolume>true</RandomizeVolume>
			<LoopBehaviour>None</LoopBehaviour>
			<Samples>
				<WadSample>
					<FileName>TR1_T-Rex_Death_01.wav</FileName>
				</WadSample>
			</Samples>
			<Global>false</Global>
			<Indexed>false</Indexed>
		</WadSoundInfo>
		<WadSoundInfo>
			<Id>393</Id>
			<Name>TR1_T-Rex_Footstomps</Name>
			<Volume>100</Volume>
			<RangeInSectors>16</RangeInSectors>
			<Chance>100</Chance>
			<PitchFactor>0</PitchFactor>
			<DisablePanning>false</DisablePanning>
			<RandomizePitch>true</RandomizePitch>
			<RandomizeVolume>true</RandomizeVolume>
			<LoopBehaviour>None</LoopBehaviour>
			<Samples>
				<WadSample>
					<FileName>TR1_T-Rex_Footstomp_01.wav</FileName>
				</WadSample>
			</Samples>
			<Global>false</Global>
			<Indexed>false</Indexed>
		</WadSoundInfo>
		<WadSoundInfo>
			<Id>394</Id>
			<Name>TR1_T-Rex_Roar</Name>
			<Volume>100</Volume>
			<RangeInSectors>20</RangeInSectors>
			<Chance>100</Chance>
			<PitchFactor>0</PitchFactor>
			<DisablePanning>false</DisablePanning>
			<RandomizePitch>true</RandomizePitch>
			<RandomizeVolume>true</RandomizeVolume>
			<LoopBehaviour>None</LoopBehaviour>
			<Samples>
				<WadSample>
					<FileName>TR1_T-Rex_Roar_01.wav</FileName>
				</WadSample>
			</Samples>
			<Global>false</Global>
			<Indexed>false</Indexed>
		</WadSoundInfo>
		<WadSoundInfo>
			<Id>395</Id>
			<Name>TR1_T-Rex_Attack</Name>
			<Volume>100</Volume>
			<RangeInSectors>15</RangeInSectors>
			<Chance>100</Chance>
			<PitchFactor>0</PitchFactor>
			<DisablePanning>false</DisablePanning>
			<RandomizePitch>true</RandomizePitch>
			<RandomizeVolume>true</RandomizeVolume>
			<LoopBehaviour>None</LoopBehaviour>
			<Samples>
				<WadSample>
					<FileName>TR1_T-Rex_Attack_01.wav</FileName>
				</WadSample>
			</Samples>
			<Global>false</Global>
			<Indexed>false</Indexed>
		</WadSoundInfo>
		<WadSoundInfo>
			<Id>396</Id>
			<Name>TR1_Wolf_Jump</Name>
			<Volume>100</Volume>
			<RangeInSectors>8</RangeInSectors>
			<Chance>100</Chance>
			<PitchFactor>0</PitchFactor>
			<DisablePanning>false</DisablePanning>
			<RandomizePitch>true</RandomizePitch>
			<RandomizeVolume>true</RandomizeVolume>
			<LoopBehaviour>None</LoopBehaviour>
			<Samples>
				<WadSample>
					<FileName>TR1_Wolf_Jump_01.wav</FileName>
				</WadSample>
				<WadSample>
					<FileName>TR1_Wolf_Jump_02.wav</FileName>
				</WadSample>
			</Samples>
			<Global>false</Global>
			<Indexed>false</Indexed>
		</WadSoundInfo>
		<WadSoundInfo>
			<Id>397</Id>
			<Name>TR1_Wolf_Hurt</Name>
			<Volume>100</Volume>
			<RangeInSectors>8</RangeInSectors>
			<Chance>100</Chance>
			<PitchFactor>0</PitchFactor>
			<DisablePanning>false</DisablePanning>
			<RandomizePitch>true</RandomizePitch>
			<RandomizeVolume>true</RandomizeVolume>
			<LoopBehaviour>None</LoopBehaviour>
			<Samples>
				<WadSample>
					<FileName>TR1_Wolf_Hurt_01.wav</FileName>
				</WadSample>
			</Samples>
			<Global>false</Global>
			<Indexed>false</Indexed>
		</WadSoundInfo>
		<WadSoundInfo>
			<Id>398</Id>
			<Name>TR1_Wolf_Death</Name>
			<Volume>100</Volume>
			<RangeInSectors>8</RangeInSectors>
			<Chance>100</Chance>
			<PitchFactor>0</PitchFactor>
			<DisablePanning>false</DisablePanning>
			<RandomizePitch>true</RandomizePitch>
			<RandomizeVolume>true</RandomizeVolume>
			<LoopBehaviour>None</LoopBehaviour>
			<Samples>
				<WadSample>
					<FileName>TR1_Wolf_Death_01.wav</FileName>
				</WadSample>
				<WadSample>
					<FileName>TR1_Wolf_Death_02.wav</FileName>
				</WadSample>
			</Samples>
			<Global>false</Global>
			<Indexed>false</Indexed>
		</WadSoundInfo>
		<WadSoundInfo>
			<Id>399</Id>
			<Name>TR1_Wolf_Howl</Name>
			<Volume>100</Volume>
			<RangeInSectors>8</RangeInSectors>
			<Chance>100</Chance>
			<PitchFactor>0</PitchFactor>
			<DisablePanning>false</DisablePanning>
			<RandomizePitch>true</RandomizePitch>
			<RandomizeVolume>true</RandomizeVolume>
			<LoopBehaviour>None</LoopBehaviour>
			<Samples>
				<WadSample>
					<FileName>TR1_Wolf_Howl_01.wav</FileName>
				</WadSample>
			</Samples>
			<Global>false</Global>
			<Indexed>false</Indexed>
		</WadSoundInfo>
		<WadSoundInfo>
			<Id>400</Id>
			<Name>TR1_Wolf_Attack</Name>
			<Volume>100</Volume>
			<RangeInSectors>8</RangeInSectors>
			<Chance>100</Chance>
			<PitchFactor>0</PitchFactor>
			<DisablePanning>false</DisablePanning>
			<RandomizePitch>true</RandomizePitch>
			<RandomizeVolume>false</RandomizeVolume>
			<LoopBehaviour>None</LoopBehaviour>
			<Samples>
				<WadSample>
					<FileName>TR1_Wolf_Attack_01.wav</FileName>
				</WadSample>
				<WadSample>
					<FileName>TR1_Wolf_Attack_02.wav</FileName>
				</WadSample>
			</Samples>
			<Global>false</Global>
			<Indexed>false</Indexed>
		</WadSoundInfo>
		<WadSoundInfo>
			<Id>401</Id>
			<Name>TR1_Raptor_Roar</Name>
			<Volume>100</Volume>
			<RangeInSectors>16</RangeInSectors>
			<Chance>100</Chance>
			<PitchFactor>0</PitchFactor>
			<DisablePanning>false</DisablePanning>
			<RandomizePitch>true</RandomizePitch>
			<RandomizeVolume>true</RandomizeVolume>
			<LoopBehaviour>OneShotWait</LoopBehaviour>
			<Samples>
				<WadSample>
					<FileName>TR1_Raptor_Roar_01.wav</FileName>
				</WadSample>
			</Samples>
			<Global>false</Global>
			<Indexed>false</Indexed>
		</WadSoundInfo>
		<WadSoundInfo>
			<Id>402</Id>
			<Name>TR1_Raptor_Attack</Name>
			<Volume>100</Volume>
			<RangeInSectors>8</RangeInSectors>
			<Chance>100</Chance>
			<PitchFactor>0</PitchFactor>
			<DisablePanning>false</DisablePanning>
			<RandomizePitch>false</RandomizePitch>
			<RandomizeVolume>true</RandomizeVolume>
			<LoopBehaviour>OneShotWait</LoopBehaviour>
			<Samples>
				<WadSample>
					<FileName>TR1_Raptor_Attack_01.wav</FileName>
				</WadSample>
				<WadSample>
					<FileName>TR1_Raptor_Attack_02.wav</FileName>
				</WadSample>
				<WadSample>
					<FileName>TR1_Raptor_Attack_03.wav</FileName>
				</WadSample>
			</Samples>
			<Global>false</Global>
			<Indexed>false</Indexed>
		</WadSoundInfo>
		<WadSoundInfo>
			<Id>403</Id>
			<Name>TR1_Raptor_Feet</Name>
			<Volume>100</Volume>
			<RangeInSectors>16</RangeInSectors>
			<Chance>100</Chance>
			<PitchFactor>0</PitchFactor>
			<DisablePanning>false</DisablePanning>
			<RandomizePitch>true</RandomizePitch>
			<RandomizeVolume>true</RandomizeVolume>
			<LoopBehaviour>None</LoopBehaviour>
			<Samples>
				<WadSample>
					<FileName>TR1_Raptor_Feet_01.wav</FileName>
				</WadSample>
				<WadSample>
					<FileName>TR1_Raptor_Feet_02.wav</FileName>
				</WadSample>
			</Samples>
			<Global>false</Global>
			<Indexed>false</Indexed>
		</WadSoundInfo>
		<WadSoundInfo>
			<Id>404</Id>
			<Name>TR1_Chaindoor_Up</Name>
			<Volume>100</Volume>
			<RangeInSectors>8</RangeInSectors>
			<Chance>100</Chance>
			<PitchFactor>0</PitchFactor>
			<DisablePanning>false</DisablePanning>
			<RandomizePitch>true</RandomizePitch>
			<RandomizeVolume>true</RandomizeVolume>
			<LoopBehaviour>None</LoopBehaviour>
			<Samples>
				<WadSample>
					<FileName>TR1_Chaindoor_Up_01.wav</FileName>
				</WadSample>
			</Samples>
			<Global>false</Global>
			<Indexed>false</Indexed>
		</WadSoundInfo>
		<WadSoundInfo>
			<Id>405</Id>
			<Name>TR1_Chaindoor_Down</Name>
			<Volume>100</Volume>
			<RangeInSectors>8</RangeInSectors>
			<Chance>100</Chance>
			<PitchFactor>0</PitchFactor>
			<DisablePanning>false</DisablePanning>
			<RandomizePitch>true</RandomizePitch>
			<RandomizeVolume>true</RandomizeVolume>
			<LoopBehaviour>OneShotWait</LoopBehaviour>
			<Samples>
				<WadSample>
					<FileName>TR1_Chaindoor_Down_01.wav</FileName>
				</WadSample>
			</Samples>
			<Global>false</Global>
			<Indexed>false</Indexed>
		</WadSoundInfo>
		<WadSoundInfo>
			<Id>406</Id>
			<Name>TR1_Cog_Puzzle</Name>
			<Volume>100</Volume>
			<RangeInSectors>8</RangeInSectors>
			<Chance>100</Chance>
			<PitchFactor>0</PitchFactor>
			<DisablePanning>false</DisablePanning>
			<RandomizePitch>false</RandomizePitch>
			<RandomizeVolume>false</RandomizeVolume>
			<LoopBehaviour>None</LoopBehaviour>
			<Samples>
				<WadSample>
					<FileName>TR1_Cog_Puzzle_01.wav</FileName>
				</WadSample>
			</Samples>
			<Global>false</Global>
			<Indexed>false</Indexed>
		</WadSoundInfo>
		<WadSoundInfo>
			<Id>407</Id>
			<Name>TR1_Lion_Hurt</Name>
			<Volume>100</Volume>
			<RangeInSectors>8</RangeInSectors>
			<Chance>100</Chance>
			<PitchFactor>0</PitchFactor>
			<DisablePanning>false</DisablePanning>
			<RandomizePitch>false</RandomizePitch>
			<RandomizeVolume>false</RandomizeVolume>
			<LoopBehaviour>None</LoopBehaviour>
			<Samples>
				<WadSample>
					<FileName>TR1_Lion_Hurt_01.wav</FileName>
				</WadSample>
			</Samples>
			<Global>false</Global>
			<Indexed>false</Indexed>
		</WadSoundInfo>
		<WadSoundInfo>
			<Id>408</Id>
			<Name>TR1_Lion_Attack</Name>
			<Volume>100</Volume>
			<RangeInSectors>8</RangeInSectors>
			<Chance>100</Chance>
			<PitchFactor>0</PitchFactor>
			<DisablePanning>false</DisablePanning>
			<RandomizePitch>false</RandomizePitch>
			<RandomizeVolume>false</RandomizeVolume>
			<LoopBehaviour>None</LoopBehaviour>
			<Samples>
				<WadSample>
					<FileName>TR1_Lion_Attack_01.wav</FileName>
				</WadSample>
				<WadSample>
					<FileName>TR1_Lion_Attack_02.wav</FileName>
				</WadSample>
			</Samples>
			<Global>false</Global>
			<Indexed>false</Indexed>
		</WadSoundInfo>
		<WadSoundInfo>
			<Id>409</Id>
			<Name>TR1_Lion_Roar</Name>
			<Volume>100</Volume>
			<RangeInSectors>8</RangeInSectors>
			<Chance>100</Chance>
			<PitchFactor>0</PitchFactor>
			<DisablePanning>false</DisablePanning>
			<RandomizePitch>false</RandomizePitch>
			<RandomizeVolume>false</RandomizeVolume>
			<LoopBehaviour>None</LoopBehaviour>
			<Samples>
				<WadSample>
					<FileName>TR1_Lion_Roar_01.wav</FileName>
				</WadSample>
			</Samples>
			<Global>false</Global>
			<Indexed>false</Indexed>
		</WadSoundInfo>
		<WadSoundInfo>
			<Id>410</Id>
			<Name>TR1_Lion_Death</Name>
			<Volume>100</Volume>
			<RangeInSectors>8</RangeInSectors>
			<Chance>100</Chance>
			<PitchFactor>0</PitchFactor>
			<DisablePanning>false</DisablePanning>
			<RandomizePitch>true</RandomizePitch>
			<RandomizeVolume>true</RandomizeVolume>
			<LoopBehaviour>None</LoopBehaviour>
			<Samples>
				<WadSample>
					<FileName>TR1_Lion_Death_01.wav</FileName>
				</WadSample>
			</Samples>
			<Global>false</Global>
			<Indexed>false</Indexed>
		</WadSoundInfo>
		<WadSoundInfo>
			<Id>411</Id>
			<Name>TR1_Gorilla_Feet</Name>
			<Volume>100</Volume>
			<RangeInSectors>8</RangeInSectors>
			<Chance>100</Chance>
			<PitchFactor>0</PitchFactor>
			<DisablePanning>false</DisablePanning>
			<RandomizePitch>false</RandomizePitch>
			<RandomizeVolume>false</RandomizeVolume>
			<LoopBehaviour>OneShotWait</LoopBehaviour>
			<Samples>
				<WadSample>
					<FileName>TR1_Gorilla_Feet_01.wav</FileName>
				</WadSample>
			</Samples>
			<Global>false</Global>
			<Indexed>false</Indexed>
		</WadSoundInfo>
		<WadSoundInfo>
			<Id>412</Id>
			<Name>TR1_Gorilla_Pant</Name>
			<Volume>100</Volume>
			<RangeInSectors>8</RangeInSectors>
			<Chance>100</Chance>
			<PitchFactor>0</PitchFactor>
			<DisablePanning>false</DisablePanning>
			<RandomizePitch>false</RandomizePitch>
			<RandomizeVolume>false</RandomizeVolume>
			<LoopBehaviour>OneShotWait</LoopBehaviour>
			<Samples>
				<WadSample>
					<FileName>TR1_Gorilla_Pant_01.wav</FileName>
				</WadSample>
			</Samples>
			<Global>false</Global>
			<Indexed>false</Indexed>
		</WadSoundInfo>
		<WadSoundInfo>
			<Id>413</Id>
			<Name>TR1_Gorilla_Death</Name>
			<Volume>100</Volume>
			<RangeInSectors>8</RangeInSectors>
			<Chance>100</Chance>
			<PitchFactor>0</PitchFactor>
			<DisablePanning>false</DisablePanning>
			<RandomizePitch>true</RandomizePitch>
			<RandomizeVolume>true</RandomizeVolume>
			<LoopBehaviour>OneShotWait</LoopBehaviour>
			<Samples>
				<WadSample>
					<FileName>TR1_Gorilla_Death_01.wav</FileName>
				</WadSample>
			</Samples>
			<Global>false</Global>
			<Indexed>false</Indexed>
		</WadSoundInfo>
		<WadSoundInfo>
			<Id>414</Id>
			<Name>TR1_Gorilla_Roar</Name>
			<Volume>100</Volume>
			<RangeInSectors>8</RangeInSectors>
			<Chance>100</Chance>
			<PitchFactor>0</PitchFactor>
			<DisablePanning>false</DisablePanning>
			<RandomizePitch>false</RandomizePitch>
			<RandomizeVolume>false</RandomizeVolume>
			<LoopBehaviour>OneShotWait</LoopBehaviour>
			<Samples>
				<WadSample>
					<FileName>TR1_Gorilla_Roar_01.wav</FileName>
				</WadSample>
			</Samples>
			<Global>false</Global>
			<Indexed>false</Indexed>
		</WadSoundInfo>
		<WadSoundInfo>
			<Id>415</Id>
			<Name>TR1_Gorilla_Grunts</Name>
			<Volume>100</Volume>
			<RangeInSectors>8</RangeInSectors>
			<Chance>100</Chance>
			<PitchFactor>0</PitchFactor>
			<DisablePanning>false</DisablePanning>
			<RandomizePitch>false</RandomizePitch>
			<RandomizeVolume>false</RandomizeVolume>
			<LoopBehaviour>OneShotWait</LoopBehaviour>
			<Samples>
				<WadSample>
					<FileName>TR1_Gorilla_Grunts_01.wav</FileName>
				</WadSample>
				<WadSample>
					<FileName>TR1_Gorilla_Grunts_02.wav</FileName>
				</WadSample>
				<WadSample>
					<FileName>TR1_Gorilla_Grunts_03.wav</FileName>
				</WadSample>
				<WadSample>
					<FileName>TR1_Gorilla_Grunts_04.wav</FileName>
				</WadSample>
			</Samples>
			<Global>false</Global>
			<Indexed>false</Indexed>
		</WadSoundInfo>
		<WadSoundInfo>
			<Id>416</Id>
			<Name>TR1_Croc_Feet</Name>
			<Volume>100</Volume>
			<RangeInSectors>8</RangeInSectors>
			<Chance>100</Chance>
			<PitchFactor>0</PitchFactor>
			<DisablePanning>false</DisablePanning>
			<RandomizePitch>false</RandomizePitch>
			<RandomizeVolume>false</RandomizeVolume>
			<LoopBehaviour>None</LoopBehaviour>
			<Samples>
				<WadSample>
					<FileName>TR1_Croc_Feet_01.wav</FileName>
				</WadSample>
			</Samples>
			<Global>false</Global>
			<Indexed>false</Indexed>
		</WadSoundInfo>
		<WadSoundInfo>
			<Id>417</Id>
			<Name>TR1_Croc_Attack</Name>
			<Volume>100</Volume>
			<RangeInSectors>8</RangeInSectors>
			<Chance>100</Chance>
			<PitchFactor>0</PitchFactor>
			<DisablePanning>false</DisablePanning>
			<RandomizePitch>false</RandomizePitch>
			<RandomizeVolume>false</RandomizeVolume>
			<LoopBehaviour>OneShotWait</LoopBehaviour>
			<Samples>
				<WadSample>
					<FileName>TR1_Croc_Attack_01.wav</FileName>
				</WadSample>
				<WadSample>
					<FileName>TR1_Croc_Attack_02.wav</FileName>
				</WadSample>
			</Samples>
			<Global>false</Global>
			<Indexed>false</Indexed>
		</WadSoundInfo>
		<WadSoundInfo>
			<Id>418</Id>
			<Name>TR1_Croc_Death</Name>
			<Volume>100</Volume>
			<RangeInSectors>8</RangeInSectors>
			<Chance>100</Chance>
			<PitchFactor>0</PitchFactor>
			<DisablePanning>false</DisablePanning>
			<RandomizePitch>false</RandomizePitch>
			<RandomizeVolume>false</RandomizeVolume>
			<LoopBehaviour>OneShotWait</LoopBehaviour>
			<Samples>
				<WadSample>
					<FileName>TR1_Croc_Death_01.wav</FileName>
				</WadSample>
			</Samples>
			<Global>false</Global>
			<Indexed>false</Indexed>
		</WadSoundInfo>
		<WadSoundInfo>
			<Id>419</Id>
			<Name>TR1_Rat_Feet</Name>
			<Volume>100</Volume>
			<RangeInSectors>8</RangeInSectors>
			<Chance>100</Chance>
			<PitchFactor>0</PitchFactor>
			<DisablePanning>false</DisablePanning>
			<RandomizePitch>true</RandomizePitch>
			<RandomizeVolume>true</RandomizeVolume>
			<LoopBehaviour>OneShotWait</LoopBehaviour>
			<Samples>
				<WadSample>
					<FileName>TR1_Rat_Feet_01.wav</FileName>
				</WadSample>
			</Samples>
			<Global>false</Global>
			<Indexed>false</Indexed>
		</WadSoundInfo>
		<WadSoundInfo>
			<Id>420</Id>
			<Name>TR1_Rat_Chirp</Name>
			<Volume>100</Volume>
			<RangeInSectors>8</RangeInSectors>
			<Chance>100</Chance>
			<PitchFactor>0</PitchFactor>
			<DisablePanning>false</DisablePanning>
			<RandomizePitch>false</RandomizePitch>
			<RandomizeVolume>false</RandomizeVolume>
			<LoopBehaviour>OneShotWait</LoopBehaviour>
			<Samples>
				<WadSample>
					<FileName>TR1_Rat_Chirp_01.wav</FileName>
				</WadSample>
			</Samples>
			<Global>false</Global>
			<Indexed>false</Indexed>
		</WadSoundInfo>
		<WadSoundInfo>
			<Id>421</Id>
			<Name>TR1_Rat_Attack</Name>
			<Volume>100</Volume>
			<RangeInSectors>8</RangeInSectors>
			<Chance>100</Chance>
			<PitchFactor>0</PitchFactor>
			<DisablePanning>false</DisablePanning>
			<RandomizePitch>false</RandomizePitch>
			<RandomizeVolume>false</RandomizeVolume>
			<LoopBehaviour>OneShotWait</LoopBehaviour>
			<Samples>
				<WadSample>
					<FileName>TR1_Rat_Attack_01.wav</FileName>
				</WadSample>
			</Samples>
			<Global>false</Global>
			<Indexed>false</Indexed>
		</WadSoundInfo>
		<WadSoundInfo>
			<Id>422</Id>
			<Name>TR1_Rat_Death</Name>
			<Volume>100</Volume>
			<RangeInSectors>8</RangeInSectors>
			<Chance>100</Chance>
			<PitchFactor>0</PitchFactor>
			<DisablePanning>false</DisablePanning>
			<RandomizePitch>false</RandomizePitch>
			<RandomizeVolume>false</RandomizeVolume>
			<LoopBehaviour>OneShotWait</LoopBehaviour>
			<Samples>
				<WadSample>
					<FileName>TR1_Rat_Death_01.wav</FileName>
				</WadSample>
			</Samples>
			<Global>false</Global>
			<Indexed>false</Indexed>
		</WadSoundInfo>
		<WadSoundInfo>
			<Id>423</Id>
			<Name>TR1_Atlantean_Explode</Name>
			<Volume>100</Volume>
			<RangeInSectors>8</RangeInSectors>
			<Chance>100</Chance>
			<PitchFactor>0</PitchFactor>
			<DisablePanning>false</DisablePanning>
			<RandomizePitch>false</RandomizePitch>
			<RandomizeVolume>false</RandomizeVolume>
			<LoopBehaviour>OneShotWait</LoopBehaviour>
			<Samples>
				<WadSample>
					<FileName>TR1_Atlantean_Explode_01.wav</FileName>
				</WadSample>
			</Samples>
			<Global>false</Global>
			<Indexed>false</Indexed>
		</WadSoundInfo>
		<WadSoundInfo>
			<Id>424</Id>
			<Name>TR1_Atlantean_Sneak</Name>
			<Volume>100</Volume>
			<RangeInSectors>8</RangeInSectors>
			<Chance>100</Chance>
			<PitchFactor>0</PitchFactor>
			<DisablePanning>false</DisablePanning>
			<RandomizePitch>false</RandomizePitch>
			<RandomizeVolume>false</RandomizeVolume>
			<LoopBehaviour>OneShotWait</LoopBehaviour>
			<Samples>
				<WadSample>
					<FileName>TR1_Atlantean_Sneak_01.wav</FileName>
				</WadSample>
				<WadSample>
					<FileName>TR1_Atlantean_Sneak_02.wav</FileName>
				</WadSample>
			</Samples>
			<Global>false</Global>
			<Indexed>false</Indexed>
		</WadSoundInfo>
		<WadSoundInfo>
			<Id>425</Id>
			<Name>TR1_Atlantean_Attack</Name>
			<Volume>100</Volume>
			<RangeInSectors>8</RangeInSectors>
			<Chance>100</Chance>
			<PitchFactor>0</PitchFactor>
			<DisablePanning>false</DisablePanning>
			<RandomizePitch>false</RandomizePitch>
			<RandomizeVolume>false</RandomizeVolume>
			<LoopBehaviour>OneShotWait</LoopBehaviour>
			<Samples>
				<WadSample>
					<FileName>TR1_Atlantean_Attack_01.wav</FileName>
				</WadSample>
			</Samples>
			<Global>false</Global>
			<Indexed>false</Indexed>
		</WadSoundInfo>
		<WadSoundInfo>
			<Id>426</Id>
			<Name>TR1_Atlantean_Jump_Attack</Name>
			<Volume>100</Volume>
			<RangeInSectors>8</RangeInSectors>
			<Chance>100</Chance>
			<PitchFactor>0</PitchFactor>
			<DisablePanning>false</DisablePanning>
			<RandomizePitch>false</RandomizePitch>
			<RandomizeVolume>false</RandomizeVolume>
			<LoopBehaviour>OneShotWait</LoopBehaviour>
			<Samples>
				<WadSample>
					<FileName>TR1_Atlantean_Jump_Attack_01.wav</FileName>
				</WadSample>
			</Samples>
			<Global>false</Global>
			<Indexed>false</Indexed>
		</WadSoundInfo>
		<WadSoundInfo>
			<Id>427</Id>
			<Name>TR1_Atlantean_Needle</Name>
			<Volume>100</Volume>
			<RangeInSectors>8</RangeInSectors>
			<Chance>100</Chance>
			<PitchFactor>0</PitchFactor>
			<DisablePanning>false</DisablePanning>
			<RandomizePitch>false</RandomizePitch>
			<RandomizeVolume>false</RandomizeVolume>
			<LoopBehaviour>None</LoopBehaviour>
			<Samples>
				<WadSample>
					<FileName>TR1_Atlantean_Needle_01.wav</FileName>
				</WadSample>
			</Samples>
			<Global>false</Global>
			<Indexed>false</Indexed>
		</WadSoundInfo>
		<WadSoundInfo>
			<Id>428</Id>
			<Name>TR1_Atlantean_Ball</Name>
			<Volume>100</Volume>
			<RangeInSectors>8</RangeInSectors>
			<Chance>100</Chance>
			<PitchFactor>0</PitchFactor>
			<DisablePanning>false</DisablePanning>
			<RandomizePitch>false</RandomizePitch>
			<RandomizeVolume>false</RandomizeVolume>
			<LoopBehaviour>None</LoopBehaviour>
			<Samples>
				<WadSample>
					<FileName>TR1_Atlantean_Ball_01.wav</FileName>
				</WadSample>
			</Samples>
			<Global>false</Global>
			<Indexed>false</Indexed>
		</WadSoundInfo>
		<WadSoundInfo>
			<Id>429</Id>
			<Name>TR1_Atlantean_Wings</Name>
			<Volume>100</Volume>
			<RangeInSectors>8</RangeInSectors>
			<Chance>100</Chance>
			<PitchFactor>0</PitchFactor>
			<DisablePanning>false</DisablePanning>
			<RandomizePitch>false</RandomizePitch>
			<RandomizeVolume>false</RandomizeVolume>
			<LoopBehaviour>None</LoopBehaviour>
			<Samples>
				<WadSample>
					<FileName>TR1_Atlantean_Wings_01.wav</FileName>
				</WadSample>
			</Samples>
			<Global>false</Global>
			<Indexed>false</Indexed>
		</WadSoundInfo>
		<WadSoundInfo>
			<Id>430</Id>
			<Name>TR1_Atlantean_Feet</Name>
			<Volume>100</Volume>
			<RangeInSectors>8</RangeInSectors>
			<Chance>100</Chance>
			<PitchFactor>0</PitchFactor>
			<DisablePanning>false</DisablePanning>
			<RandomizePitch>false</RandomizePitch>
			<RandomizeVolume>false</RandomizeVolume>
			<LoopBehaviour>None</LoopBehaviour>
			<Samples>
				<WadSample>
					<FileName>TR1_Atlantean_Feet_01.wav</FileName>
				</WadSample>
				<WadSample>
					<FileName>TR1_Atlantean_Feet_02.wav</FileName>
				</WadSample>
				<WadSample>
					<FileName>TR1_Atlantean_Feet_03.wav</FileName>
				</WadSample>
				<WadSample>
					<FileName>TR1_Atlantean_Feet_04.wav</FileName>
				</WadSample>
			</Samples>
			<Global>false</Global>
			<Indexed>false</Indexed>
		</WadSoundInfo>
		<WadSoundInfo>
			<Id>431</Id>
			<Name>TR1_Atlantean_Egg_Loop</Name>
			<Volume>100</Volume>
			<RangeInSectors>8</RangeInSectors>
			<Chance>100</Chance>
			<PitchFactor>0</PitchFactor>
			<DisablePanning>false</DisablePanning>
			<RandomizePitch>false</RandomizePitch>
			<RandomizeVolume>false</RandomizeVolume>
			<LoopBehaviour>Looped</LoopBehaviour>
			<Samples>
				<WadSample>
					<FileName>TR1_Atlantean_Egg_Loop_01.wav</FileName>
				</WadSample>
			</Samples>
			<Global>false</Global>
			<Indexed>false</Indexed>
		</WadSoundInfo>
		<WadSoundInfo>
			<Id>432</Id>
			<Name>TR1_Atlantean_Egg_Hatch</Name>
			<Volume>100</Volume>
			<RangeInSectors>8</RangeInSectors>
			<Chance>100</Chance>
			<PitchFactor>-30</PitchFactor>
			<DisablePanning>false</DisablePanning>
			<RandomizePitch>false</RandomizePitch>
			<RandomizeVolume>false</RandomizeVolume>
			<LoopBehaviour>OneShotWait</LoopBehaviour>
			<Samples>
				<WadSample>
					<FileName>TR1_Atlantean_Egg_Hatch_01.wav</FileName>
				</WadSample>
			</Samples>
			<Global>false</Global>
			<Indexed>false</Indexed>
		</WadSoundInfo>
		<WadSoundInfo>
			<Id>433</Id>
			<Name>TR1_Atlantean_Death</Name>
			<Volume>100</Volume>
			<RangeInSectors>8</RangeInSectors>
			<Chance>100</Chance>
			<PitchFactor>0</PitchFactor>
			<DisablePanning>false</DisablePanning>
			<RandomizePitch>true</RandomizePitch>
			<RandomizeVolume>true</RandomizeVolume>
			<LoopBehaviour>OneShotWait</LoopBehaviour>
			<Samples>
				<WadSample>
					<FileName>TR1_Atlantean_Death_01.wav</FileName>
				</WadSample>
			</Samples>
			<Global>false</Global>
			<Indexed>false</Indexed>
		</WadSoundInfo>
		<WadSoundInfo>
			<Id>434</Id>
			<Name>TR1_Centaur_Hooves</Name>
			<Volume>100</Volume>
			<RangeInSectors>8</RangeInSectors>
			<Chance>100</Chance>
			<PitchFactor>10</PitchFactor>
			<DisablePanning>false</DisablePanning>
			<RandomizePitch>true</RandomizePitch>
			<RandomizeVolume>true</RandomizeVolume>
			<LoopBehaviour>None</LoopBehaviour>
			<Samples>
				<WadSample>
					<FileName>TR1_Centaur_Hooves_01.wav</FileName>
				</WadSample>
				<WadSample>
					<FileName>TR1_Centaur_Hooves_02.wav</FileName>
				</WadSample>
				<WadSample>
					<FileName>TR1_Centaur_Hooves_03.wav</FileName>
				</WadSample>
				<WadSample>
					<FileName>TR1_Centaur_Hooves_04.wav</FileName>
				</WadSample>
			</Samples>
			<Global>false</Global>
			<Indexed>false</Indexed>
		</WadSoundInfo>
		<WadSoundInfo>
			<Id>435</Id>
			<Name>TR1_Centaur_Roar</Name>
			<Volume>70</Volume>
			<RangeInSectors>8</RangeInSectors>
			<Chance>100</Chance>
			<PitchFactor>0</PitchFactor>
			<DisablePanning>false</DisablePanning>
			<RandomizePitch>true</RandomizePitch>
			<RandomizeVolume>true</RandomizeVolume>
			<LoopBehaviour>OneShotWait</LoopBehaviour>
			<Samples>
				<WadSample>
					<FileName>TR1_Centaur_Roar_01.wav</FileName>
				</WadSample>
			</Samples>
			<Global>false</Global>
			<Indexed>false</Indexed>
		</WadSoundInfo>
		<WadSoundInfo>
			<Id>436</Id>
			<Name>TR1_Giant_Mutant_Hit_Ground</Name>
			<Volume>100</Volume>
			<RangeInSectors>20</RangeInSectors>
			<Chance>100</Chance>
			<PitchFactor>30</PitchFactor>
			<DisablePanning>false</DisablePanning>
			<RandomizePitch>true</RandomizePitch>
			<RandomizeVolume>true</RandomizeVolume>
			<LoopBehaviour>OneShotWait</LoopBehaviour>
			<Samples>
				<WadSample>
					<FileName>TR1_Giant_Mutant_Hit_Ground_01.wav</FileName>
				</WadSample>
			</Samples>
			<Global>false</Global>
			<Indexed>false</Indexed>
		</WadSoundInfo>
		<WadSoundInfo>
			<Id>437</Id>
			<Name>TR1_Giant_Mutant_Attack1</Name>
			<Volume>100</Volume>
			<RangeInSectors>8</RangeInSectors>
			<Chance>100</Chance>
			<PitchFactor>20</PitchFactor>
			<DisablePanning>false</DisablePanning>
			<RandomizePitch>true</RandomizePitch>
			<RandomizeVolume>true</RandomizeVolume>
			<LoopBehaviour>OneShotWait</LoopBehaviour>
			<Samples>
				<WadSample>
					<FileName>TR1_Giant_Mutant_Attack1_01.wav</FileName>
				</WadSample>
			</Samples>
			<Global>false</Global>
			<Indexed>false</Indexed>
		</WadSoundInfo>
		<WadSoundInfo>
			<Id>438</Id>
			<Name>TR1_Giant_Mutant_Attack2</Name>
			<Volume>100</Volume>
			<RangeInSectors>8</RangeInSectors>
			<Chance>100</Chance>
			<PitchFactor>50</PitchFactor>
			<DisablePanning>false</DisablePanning>
			<RandomizePitch>false</RandomizePitch>
			<RandomizeVolume>false</RandomizeVolume>
			<LoopBehaviour>OneShotWait</LoopBehaviour>
			<Samples>
				<WadSample>
					<FileName>TR1_Giant_Mutant_Attack2_01.wav</FileName>
				</WadSample>
			</Samples>
			<Global>false</Global>
			<Indexed>false</Indexed>
		</WadSoundInfo>
		<WadSoundInfo>
			<Id>439</Id>
			<Name>TR1_Giant_Mutant_Death</Name>
			<Volume>100</Volume>
			<RangeInSectors>15</RangeInSectors>
			<Chance>100</Chance>
			<PitchFactor>50</PitchFactor>
			<DisablePanning>false</DisablePanning>
			<RandomizePitch>true</RandomizePitch>
			<RandomizeVolume>false</RandomizeVolume>
			<LoopBehaviour>OneShotWait</LoopBehaviour>
			<Samples>
				<WadSample>
					<FileName>TR1_Giant_Mutant_Death_01.wav</FileName>
				</WadSample>
			</Samples>
			<Global>false</Global>
			<Indexed>false</Indexed>
		</WadSoundInfo>
		<WadSoundInfo>
			<Id>440</Id>
			<Name>TR1_Giant_Mutant_Arm_Swing</Name>
			<Volume>40</Volume>
			<RangeInSectors>8</RangeInSectors>
			<Chance>100</Chance>
			<PitchFactor>20</PitchFactor>
			<DisablePanning>false</DisablePanning>
			<RandomizePitch>false</RandomizePitch>
			<RandomizeVolume>false</RandomizeVolume>
			<LoopBehaviour>OneShotWait</LoopBehaviour>
			<Samples>
				<WadSample>
					<FileName>TR1_Giant_Mutant_Arm_Swing_01.wav</FileName>
				</WadSample>
			</Samples>
			<Global>false</Global>
			<Indexed>false</Indexed>
		</WadSoundInfo>
		<WadSoundInfo>
			<Id>441</Id>
			<Name>TR1_Giant_Mutant_Move</Name>
			<Volume>80</Volume>
			<RangeInSectors>20</RangeInSectors>
			<Chance>100</Chance>
			<PitchFactor>20</PitchFactor>
			<DisablePanning>false</DisablePanning>
			<RandomizePitch>true</RandomizePitch>
			<RandomizeVolume>true</RandomizeVolume>
			<LoopBehaviour>OneShotWait</LoopBehaviour>
			<Samples>
				<WadSample>
					<FileName>TR1_Giant_Mutant_Move_01.wav</FileName>
				</WadSample>
			</Samples>
			<Global>false</Global>
			<Indexed>false</Indexed>
		</WadSoundInfo>
		<WadSoundInfo>
			<Id>442</Id>
			<Name>TR1_Giant_Mutant_Hit</Name>
			<Volume>100</Volume>
			<RangeInSectors>8</RangeInSectors>
			<Chance>30</Chance>
			<PitchFactor>0</PitchFactor>
			<DisablePanning>false</DisablePanning>
			<RandomizePitch>true</RandomizePitch>
			<RandomizeVolume>true</RandomizeVolume>
			<LoopBehaviour>OneShotWait</LoopBehaviour>
			<Samples>
				<WadSample>
					<FileName>TR1_Giant_Mutant_Hit_01.wav</FileName>
				</WadSample>
			</Samples>
			<Global>false</Global>
			<Indexed>false</Indexed>
		</WadSoundInfo>
		<WadSoundInfo>
			<Id>443</Id>
			<Name>TR1_Mummy_Growl</Name>
			<Volume>100</Volume>
			<RangeInSectors>8</RangeInSectors>
			<Chance>49</Chance>
			<PitchFactor>0</PitchFactor>
			<DisablePanning>false</DisablePanning>
			<RandomizePitch>true</RandomizePitch>
			<RandomizeVolume>true</RandomizeVolume>
			<LoopBehaviour>OneShotWait</LoopBehaviour>
			<Samples>
				<WadSample>
					<FileName>TR1_Mummy_Growl_01.wav</FileName>
				</WadSample>
			</Samples>
			<Global>false</Global>
			<Indexed>false</Indexed>
		</WadSoundInfo>
		<WadSoundInfo>
			<Id>444</Id>
			<Name>TR1_Larson_Fire</Name>
			<Volume>100</Volume>
			<RangeInSectors>8</RangeInSectors>
			<Chance>100</Chance>
			<PitchFactor>0</PitchFactor>
			<DisablePanning>false</DisablePanning>
			<RandomizePitch>false</RandomizePitch>
			<RandomizeVolume>false</RandomizeVolume>
			<LoopBehaviour>None</LoopBehaviour>
			<Samples>
				<WadSample>
					<FileName>TR1_Larson_Fire_01.wav</FileName>
				</WadSample>
			</Samples>
			<Global>false</Global>
			<Indexed>false</Indexed>
		</WadSoundInfo>
		<WadSoundInfo>
			<Id>445</Id>
			<Name>TR1_Larson_Ricochet</Name>
			<Volume>100</Volume>
			<RangeInSectors>8</RangeInSectors>
			<Chance>100</Chance>
			<PitchFactor>0</PitchFactor>
			<DisablePanning>false</DisablePanning>
			<RandomizePitch>true</RandomizePitch>
			<RandomizeVolume>false</RandomizeVolume>
			<LoopBehaviour>OneShotWait</LoopBehaviour>
			<Samples>
				<WadSample>
					<FileName>TR1_Larson_Ricochet_01.wav</FileName>
				</WadSample>
			</Samples>
			<Global>false</Global>
			<Indexed>false</Indexed>
		</WadSoundInfo>
		<WadSoundInfo>
			<Id>446</Id>
			<Name>TR1_Skateboardkid_Move</Name>
			<Volume>100</Volume>
			<RangeInSectors>8</RangeInSectors>
			<Chance>100</Chance>
			<PitchFactor>0</PitchFactor>
			<DisablePanning>false</DisablePanning>
			<RandomizePitch>false</RandomizePitch>
			<RandomizeVolume>false</RandomizeVolume>
			<LoopBehaviour>OneShotWait</LoopBehaviour>
			<Samples>
				<WadSample>
					<FileName>TR1_Skateboardkid_Move_01.wav</FileName>
				</WadSample>
			</Samples>
			<Global>false</Global>
			<Indexed>false</Indexed>
		</WadSoundInfo>
		<WadSoundInfo>
			<Id>447</Id>
			<Name>TR1_Skateboardkid_Stop</Name>
			<Volume>100</Volume>
			<RangeInSectors>8</RangeInSectors>
			<Chance>100</Chance>
			<PitchFactor>0</PitchFactor>
			<DisablePanning>false</DisablePanning>
			<RandomizePitch>true</RandomizePitch>
			<RandomizeVolume>true</RandomizeVolume>
			<LoopBehaviour>OneShotWait</LoopBehaviour>
			<Samples>
				<WadSample>
					<FileName>TR1_Skateboardkid_Stop_01.wav</FileName>
				</WadSample>
			</Samples>
			<Global>false</Global>
			<Indexed>false</Indexed>
		</WadSoundInfo>
		<WadSoundInfo>
			<Id>448</Id>
			<Name>TR1_Skateboardkid_Shoot</Name>
			<Volume>100</Volume>
			<RangeInSectors>8</RangeInSectors>
			<Chance>100</Chance>
			<PitchFactor>0</PitchFactor>
			<DisablePanning>false</DisablePanning>
			<RandomizePitch>false</RandomizePitch>
			<RandomizeVolume>false</RandomizeVolume>
			<LoopBehaviour>OneShotWait</LoopBehaviour>
			<Samples>
				<WadSample>
					<FileName>TR1_Skateboardkid_Shoot_01.wav</FileName>
				</WadSample>
			</Samples>
			<Global>false</Global>
			<Indexed>false</Indexed>
		</WadSoundInfo>
		<WadSoundInfo>
			<Id>449</Id>
			<Name>TR1_Skateboardkid_Hit</Name>
			<Volume>100</Volume>
			<RangeInSectors>8</RangeInSectors>
			<Chance>100</Chance>
			<PitchFactor>0</PitchFactor>
			<DisablePanning>false</DisablePanning>
			<RandomizePitch>true</RandomizePitch>
			<RandomizeVolume>true</RandomizeVolume>
			<LoopBehaviour>OneShotWait</LoopBehaviour>
			<Samples>
				<WadSample>
					<FileName>TR1_Skateboardkid_Hit_01.wav</FileName>
				</WadSample>
			</Samples>
			<Global>false</Global>
			<Indexed>false</Indexed>
		</WadSoundInfo>
		<WadSoundInfo>
			<Id>450</Id>
			<Name>TR1_Skateboardkid_Start</Name>
			<Volume>100</Volume>
			<RangeInSectors>8</RangeInSectors>
			<Chance>100</Chance>
			<PitchFactor>0</PitchFactor>
			<DisablePanning>false</DisablePanning>
			<RandomizePitch>false</RandomizePitch>
			<RandomizeVolume>false</RandomizeVolume>
			<LoopBehaviour>OneShotWait</LoopBehaviour>
			<Samples>
				<WadSample>
					<FileName>TR1_Skateboardkid_Start_01.wav</FileName>
				</WadSample>
			</Samples>
			<Global>false</Global>
			<Indexed>false</Indexed>
		</WadSoundInfo>
		<WadSoundInfo>
			<Id>451</Id>
			<Name>TR1_Skateboardkid_Death</Name>
			<Volume>100</Volume>
			<RangeInSectors>8</RangeInSectors>
			<Chance>100</Chance>
			<PitchFactor>0</PitchFactor>
			<DisablePanning>false</DisablePanning>
			<RandomizePitch>false</RandomizePitch>
			<RandomizeVolume>false</RandomizeVolume>
			<LoopBehaviour>OneShotWait</LoopBehaviour>
			<Samples>
				<WadSample>
					<FileName>TR1_Skateboardkid_Death_01.wav</FileName>
				</WadSample>
			</Samples>
			<Global>false</Global>
			<Indexed>false</Indexed>
		</WadSoundInfo>
		<WadSoundInfo>
			<Id>452</Id>
			<Name>TR1_Skateboardkid_Hit_Ground</Name>
			<Volume>100</Volume>
			<RangeInSectors>8</RangeInSectors>
			<Chance>100</Chance>
			<PitchFactor>0</PitchFactor>
			<DisablePanning>false</DisablePanning>
			<RandomizePitch>false</RandomizePitch>
			<RandomizeVolume>false</RandomizeVolume>
			<LoopBehaviour>OneShotWait</LoopBehaviour>
			<Samples>
				<WadSample>
					<FileName>TR1_Skateboardkid_Hit_Ground_01.wav</FileName>
				</WadSample>
			</Samples>
			<Global>false</Global>
			<Indexed>false</Indexed>
		</WadSoundInfo>
		<WadSoundInfo>
			<Id>453</Id>
			<Name>TR1_Thor_Room_Thunder</Name>
			<Volume>100</Volume>
			<RangeInSectors>8</RangeInSectors>
			<Chance>100</Chance>
			<PitchFactor>0</PitchFactor>
			<DisablePanning>false</DisablePanning>
			<RandomizePitch>false</RandomizePitch>
			<RandomizeVolume>false</RandomizeVolume>
			<LoopBehaviour>None</LoopBehaviour>
			<Samples>
				<WadSample>
					<FileName>TR1_Thor_Room_Thunder_01.wav</FileName>
				</WadSample>
			</Samples>
			<Global>true</Global>
			<Indexed>false</Indexed>
		</WadSoundInfo>
		<WadSoundInfo>
			<Id>454</Id>
			<Name>TR1_Explosion</Name>
			<Volume>100</Volume>
			<RangeInSectors>8</RangeInSectors>
			<Chance>100</Chance>
			<PitchFactor>0</PitchFactor>
			<DisablePanning>false</DisablePanning>
			<RandomizePitch>false</RandomizePitch>
			<RandomizeVolume>false</RandomizeVolume>
			<LoopBehaviour>OneShotWait</LoopBehaviour>
			<Samples>
				<WadSample>
					<FileName>TR1_Explosion_01.wav</FileName>
				</WadSample>
			</Samples>
			<Global>true</Global>
			<Indexed>false</Indexed>
		</WadSoundInfo>
		<WadSoundInfo>
			<Id>455</Id>
			<Name>TR1_Damocles_Room_Sword</Name>
			<Volume>100</Volume>
			<RangeInSectors>8</RangeInSectors>
			<Chance>100</Chance>
			<PitchFactor>0</PitchFactor>
			<DisablePanning>false</DisablePanning>
			<RandomizePitch>false</RandomizePitch>
			<RandomizeVolume>false</RandomizeVolume>
			<LoopBehaviour>OneShotWait</LoopBehaviour>
			<Samples>
				<WadSample>
					<FileName>TR1_Damocles_Room_Sword_01.wav</FileName>
				</WadSample>
			</Samples>
			<Global>true</Global>
			<Indexed>false</Indexed>
		</WadSoundInfo>
		<WadSoundInfo>
			<Id>456</Id>
			<Name>TR1_Raisingblock_Fx</Name>
			<Volume>100</Volume>
			<RangeInSectors>8</RangeInSectors>
			<Chance>100</Chance>
			<PitchFactor>0</PitchFactor>
			<DisablePanning>false</DisablePanning>
			<RandomizePitch>false</RandomizePitch>
			<RandomizeVolume>false</RandomizeVolume>
			<LoopBehaviour>OneShotWait</LoopBehaviour>
			<Samples>
				<WadSample>
					<FileName>TR1_Raisingblock_Fx_01.wav</FileName>
				</WadSample>
			</Samples>
			<Global>true</Global>
			<Indexed>false</Indexed>
		</WadSoundInfo>
		<WadSoundInfo>
			<Id>457</Id>
			<Name>TR1_Sand_Fx</Name>
			<Volume>100</Volume>
			<RangeInSectors>8</RangeInSectors>
			<Chance>100</Chance>
			<PitchFactor>0</PitchFactor>
			<DisablePanning>true</DisablePanning>
			<RandomizePitch>false</RandomizePitch>
			<RandomizeVolume>false</RandomizeVolume>
			<LoopBehaviour>Looped</LoopBehaviour>
			<Samples>
				<WadSample>
					<FileName>TR1_Sand_Fx_01.wav</FileName>
				</WadSample>
			</Samples>
			<Global>true</Global>
			<Indexed>false</Indexed>
		</WadSoundInfo>
		<WadSoundInfo>
			<Id>458</Id>
			<Name>TR1_Stairs2slope_Fx</Name>
			<Volume>100</Volume>
			<RangeInSectors>8</RangeInSectors>
			<Chance>100</Chance>
			<PitchFactor>0</PitchFactor>
			<DisablePanning>false</DisablePanning>
			<RandomizePitch>false</RandomizePitch>
			<RandomizeVolume>false</RandomizeVolume>
			<LoopBehaviour>OneShotWait</LoopBehaviour>
			<Samples>
				<WadSample>
					<FileName>TR1_Stairs2slope_Fx_01.wav</FileName>
				</WadSample>
			</Samples>
			<Global>false</Global>
			<Indexed>false</Indexed>
		</WadSoundInfo>
		<WadSoundInfo>
			<Id>459</Id>
			<Name>TR1_Lava_Loop</Name>
			<Volume>100</Volume>
			<RangeInSectors>8</RangeInSectors>
			<Chance>100</Chance>
			<PitchFactor>0</PitchFactor>
			<DisablePanning>false</DisablePanning>
			<RandomizePitch>false</RandomizePitch>
			<RandomizeVolume>false</RandomizeVolume>
			<LoopBehaviour>Looped</LoopBehaviour>
			<Samples>
				<WadSample>
					<FileName>TR1_Lava_Loop_01.wav</FileName>
				</WadSample>
			</Samples>
			<Global>true</Global>
			<Indexed>false</Indexed>
		</WadSoundInfo>
		<WadSoundInfo>
			<Id>460</Id>
			<Name>TR1_Lava_Fountain</Name>
			<Volume>30</Volume>
			<RangeInSectors>8</RangeInSectors>
			<Chance>100</Chance>
			<PitchFactor>0</PitchFactor>
			<DisablePanning>false</DisablePanning>
			<RandomizePitch>false</RandomizePitch>
			<RandomizeVolume>false</RandomizeVolume>
			<LoopBehaviour>OneShotWait</LoopBehaviour>
			<Samples>
				<WadSample>
					<FileName>TR1_Lava_Fountain_01.wav</FileName>
				</WadSample>
			</Samples>
			<Global>true</Global>
			<Indexed>false</Indexed>
		</WadSoundInfo>
		<WadSoundInfo>
			<Id>461</Id>
			<Name>TR1_Scion_Altar_Loop</Name>
			<Volume>100</Volume>
			<RangeInSectors>8</RangeInSectors>
			<Chance>100</Chance>
			<PitchFactor>0</PitchFactor>
			<DisablePanning>false</DisablePanning>
			<RandomizePitch>false</RandomizePitch>
			<RandomizeVolume>false</RandomizeVolume>
			<LoopBehaviour>Looped</LoopBehaviour>
			<Samples>
				<WadSample>
					<FileName>TR1_Scion_Altar_Loop_01.wav</FileName>
				</WadSample>
			</Samples>
			<Global>false</Global>
			<Indexed>false</Indexed>
		</WadSoundInfo>
		<WadSoundInfo>
			<Id>462</Id>
			<Name>TR1_Scion_Powerup_Fx</Name>
			<Volume>100</Volume>
			<RangeInSectors>8</RangeInSectors>
			<Chance>100</Chance>
			<PitchFactor>0</PitchFactor>
			<DisablePanning>false</DisablePanning>
			<RandomizePitch>false</RandomizePitch>
			<RandomizeVolume>false</RandomizeVolume>
			<LoopBehaviour>Looped</LoopBehaviour>
			<Samples>
				<WadSample>
					<FileName>TR1_Scion_Powerup_Fx_01.wav</FileName>
				</WadSample>
			</Samples>
			<Global>false</Global>
			<Indexed>false</Indexed>
		</WadSoundInfo>
		<WadSoundInfo>
			<Id>463</Id>
			<Name>TR1_NM_Drill_Engine_Start</Name>
			<Volume>100</Volume>
			<RangeInSectors>8</RangeInSectors>
			<Chance>100</Chance>
			<PitchFactor>0</PitchFactor>
			<DisablePanning>false</DisablePanning>
			<RandomizePitch>false</RandomizePitch>
			<RandomizeVolume>false</RandomizeVolume>
			<LoopBehaviour>OneShotWait</LoopBehaviour>
			<Samples>
				<WadSample>
					<FileName>TR1_NM_Drill_Engine_Start_01.wav</FileName>
				</WadSample>
			</Samples>
			<Global>false</Global>
			<Indexed>false</Indexed>
		</WadSoundInfo>
		<WadSoundInfo>
			<Id>464</Id>
			<Name>TR1_NM_Drill_Engine_Loop</Name>
			<Volume>100</Volume>
			<RangeInSectors>8</RangeInSectors>
			<Chance>100</Chance>
			<PitchFactor>0</PitchFactor>
			<DisablePanning>false</DisablePanning>
			<RandomizePitch>false</RandomizePitch>
			<RandomizeVolume>false</RandomizeVolume>
			<LoopBehaviour>None</LoopBehaviour>
			<Samples>
				<WadSample>
					<FileName>TR1_NM_Drill_Engine_Loop_01.wav</FileName>
				</WadSample>
			</Samples>
			<Global>false</Global>
			<Indexed>false</Indexed>
		</WadSoundInfo>
		<WadSoundInfo>
			<Id>465</Id>
			<Name>TR1_NM_Conveyor_Belt</Name>
			<Volume>100</Volume>
			<RangeInSectors>8</RangeInSectors>
			<Chance>100</Chance>
			<PitchFactor>0</PitchFactor>
			<DisablePanning>false</DisablePanning>
			<RandomizePitch>false</RandomizePitch>
			<RandomizeVolume>false</RandomizeVolume>
			<LoopBehaviour>OneShotWait</LoopBehaviour>
			<Samples>
				<WadSample>
					<FileName>TR1_NM_Conveyor_Belt_01.wav</FileName>
				</WadSample>
			</Samples>
			<Global>false</Global>
			<Indexed>false</Indexed>
		</WadSoundInfo>
		<WadSoundInfo>
			<Id>466</Id>
			<Name>TR1_NM_Hut_Lowered</Name>
			<Volume>100</Volume>
			<RangeInSectors>8</RangeInSectors>
			<Chance>100</Chance>
			<PitchFactor>0</PitchFactor>
			<DisablePanning>false</DisablePanning>
			<RandomizePitch>false</RandomizePitch>
			<RandomizeVolume>false</RandomizeVolume>
			<LoopBehaviour>OneShotWait</LoopBehaviour>
			<Samples>
				<WadSample>
					<FileName>TR1_NM_Hut_Lowered_01.wav</FileName>
				</WadSample>
			</Samples>
			<Global>false</Global>
			<Indexed>false</Indexed>
		</WadSoundInfo>
		<WadSoundInfo>
			<Id>467</Id>
			<Name>TR1_NM_Hut_Hit_Ground</Name>
			<Volume>100</Volume>
			<RangeInSectors>8</RangeInSectors>
			<Chance>100</Chance>
			<PitchFactor>0</PitchFactor>
			<DisablePanning>false</DisablePanning>
			<RandomizePitch>false</RandomizePitch>
			<RandomizeVolume>false</RandomizeVolume>
			<LoopBehaviour>OneShotWait</LoopBehaviour>
			<Samples>
				<WadSample>
					<FileName>TR1_NM_Hut_Hit_Ground_01.wav</FileName>
				</WadSample>
			</Samples>
			<Global>false</Global>
			<Indexed>false</Indexed>
		</WadSoundInfo>
		<WadSoundInfo>
			<Id>468</Id>
			<Name>TR1_Empty</Name>
			<Volume>100</Volume>
			<RangeInSectors>10</RangeInSectors>
			<Chance>100</Chance>
			<PitchFactor>0</PitchFactor>
			<DisablePanning>false</DisablePanning>
			<RandomizePitch>false</RandomizePitch>
			<RandomizeVolume>false</RandomizeVolume>
			<LoopBehaviour>None</LoopBehaviour>
			<Samples />
			<Global>false</Global>
			<Indexed>false</Indexed>
		</WadSoundInfo>
		<WadSoundInfo>
			<Id>469</Id>
			<Name>TR1_Metal_Door_Open</Name>
			<Volume>100</Volume>
			<RangeInSectors>8</RangeInSectors>
			<Chance>100</Chance>
			<PitchFactor>0</PitchFactor>
			<DisablePanning>false</DisablePanning>
			<RandomizePitch>false</RandomizePitch>
			<RandomizeVolume>false</RandomizeVolume>
			<LoopBehaviour>OneShotWait</LoopBehaviour>
			<Samples>
				<WadSample>
					<FileName>TR1_Metal_Door_Open_01.wav</FileName>
				</WadSample>
			</Samples>
			<Global>false</Global>
			<Indexed>false</Indexed>
		</WadSoundInfo>
		<WadSoundInfo>
			<Id>470</Id>
			<Name>TR1_Metal_Door_Close</Name>
			<Volume>100</Volume>
			<RangeInSectors>8</RangeInSectors>
			<Chance>100</Chance>
			<PitchFactor>0</PitchFactor>
			<DisablePanning>false</DisablePanning>
			<RandomizePitch>false</RandomizePitch>
			<RandomizeVolume>false</RandomizeVolume>
			<LoopBehaviour>None</LoopBehaviour>
			<Samples>
				<WadSample>
					<FileName>TR1_Metal_Door_Close_01.wav</FileName>
				</WadSample>
			</Samples>
			<Global>false</Global>
			<Indexed>false</Indexed>
		</WadSoundInfo>
		<WadSoundInfo>
			<Id>471</Id>
			<Name>TR1_Pierre_Death</Name>
			<Volume>100</Volume>
			<RangeInSectors>20</RangeInSectors>
			<Chance>100</Chance>
			<PitchFactor>0</PitchFactor>
			<DisablePanning>false</DisablePanning>
			<RandomizePitch>false</RandomizePitch>
			<RandomizeVolume>false</RandomizeVolume>
			<LoopBehaviour>OneShotWait</LoopBehaviour>
			<Samples>
				<WadSample>
					<FileName>TR1_Pierre_Death_01.wav</FileName>
				</WadSample>
			</Samples>
			<Global>false</Global>
			<Indexed>false</Indexed>
		</WadSoundInfo>
		<WadSoundInfo>
			<Id>472</Id>
			<Name>TR1_Pierre_Speech</Name>
			<Volume>100</Volume>
			<RangeInSectors>20</RangeInSectors>
			<Chance>100</Chance>
			<PitchFactor>0</PitchFactor>
			<DisablePanning>false</DisablePanning>
			<RandomizePitch>false</RandomizePitch>
			<RandomizeVolume>false</RandomizeVolume>
			<LoopBehaviour>OneShotWait</LoopBehaviour>
			<Samples>
				<WadSample>
					<FileName>TR1_Pierre_Speech_01.wav</FileName>
				</WadSample>
			</Samples>
			<Global>false</Global>
			<Indexed>false</Indexed>
		</WadSoundInfo>
		<WadSoundInfo>
			<Id>473</Id>
			<Name>TR1_Pierre_Magnum_Fire</Name>
			<Volume>84</Volume>
			<RangeInSectors>8</RangeInSectors>
			<Chance>100</Chance>
			<PitchFactor>0</PitchFactor>
			<DisablePanning>false</DisablePanning>
			<RandomizePitch>true</RandomizePitch>
			<RandomizeVolume>false</RandomizeVolume>
			<LoopBehaviour>None</LoopBehaviour>
			<Samples>
				<WadSample>
					<FileName>TR4_Lara_Magnums_01.wav</FileName>
				</WadSample>
			</Samples>
			<Global>true</Global>
			<Indexed>false</Indexed>
		</WadSoundInfo>
		<WadSoundInfo>
			<Id>1143</Id>
			<Name>TR1_SLAMDOOR_OPEN</Name>
			<Volume>100</Volume>
			<RangeInSectors>8</RangeInSectors>
			<Chance>100</Chance>
			<PitchFactor>0</PitchFactor>
			<DisablePanning>false</DisablePanning>
			<RandomizePitch>false</RandomizePitch>
			<RandomizeVolume>false</RandomizeVolume>
			<LoopBehaviour>OneShotWait</LoopBehaviour>
			<Samples>
				<WadSample>
					<FileName>TR1_SLAMDOOR_OPEN_01.wav</FileName>
				</WadSample>
			</Samples>
			<Global>false</Global>
			<Indexed>false</Indexed>
		</WadSoundInfo>
		<WadSoundInfo>
			<Id>1144</Id>
			<Name>TR1_SLAMDOOR_CLOSE</Name>
			<Volume>100</Volume>
			<RangeInSectors>8</RangeInSectors>
			<Chance>100</Chance>
			<PitchFactor>0</PitchFactor>
			<DisablePanning>false</DisablePanning>
			<RandomizePitch>false</RandomizePitch>
			<RandomizeVolume>false</RandomizeVolume>
			<LoopBehaviour>None</LoopBehaviour>
			<Samples>
				<WadSample>
					<FileName>TR1_SLAMDOOR_CLOSE_01.wav</FileName>
				</WadSample>
			</Samples>
			<Global>false</Global>
			<Indexed>false</Indexed>
		</WadSoundInfo>
	</SoundInfos>
</WadSounds>