﻿<?xml version="1.0" encoding="utf-8"?>
<WadSounds xmlns:xsi="http://www.w3.org/2001/XMLSchema-instance" xmlns:xsd="http://www.w3.org/2001/XMLSchema">
    <SoundInfos>
        <WadSoundInfo>
            <Id>1</Id>
            <Name>TR3_LARA_CLIMB2</Name>
            <Volume>70</Volume>
            <RangeInSectors>13</RangeInSectors>
            <Chance>100</Chance>
            <PitchFactor>5</PitchFactor>
            <DisablePanning>false</DisablePanning>
            <RandomizePitch>false</RandomizePitch>
            <RandomizeVolume>true</RandomizeVolume>
            <LoopBehaviour>None</LoopBehaviour>
            <Samples>
                <WadSample>
                    <FileName>TR3_LARA_CLIMB2_01.wav</FileName>
                </WadSample>
            </Samples>
            <Global>false</Global>
            <Indexed>true</Indexed>
        </WadSoundInfo>
        <WadSoundInfo>
            <Id>2</Id>
            <Name>TR3_LARA_NO</Name>
            <Volume>36</Volume>
            <RangeInSectors>13</RangeInSectors>
            <Chance>100</Chance>
            <PitchFactor>0</PitchFactor>
            <DisablePanning>false</DisablePanning>
            <RandomizePitch>false</RandomizePitch>
            <RandomizeVolume>false</RandomizeVolume>
            <LoopBehaviour>None</LoopBehaviour>
            <Samples>
                <WadSample>
                    <FileName>TR3_LARA_NO_01.wav</FileName>
                </WadSample>
            </Samples>
            <Global>true</Global>
            <Indexed>true</Indexed>
        </WadSoundInfo>
        <WadSoundInfo>
            <Id>5</Id>
            <Name>TR3_LARA_CLIMB1</Name>
            <Volume>65</Volume>
            <RangeInSectors>13</RangeInSectors>
            <Chance>100</Chance>
            <PitchFactor>5</PitchFactor>
            <DisablePanning>false</DisablePanning>
            <RandomizePitch>false</RandomizePitch>
            <RandomizeVolume>false</RandomizeVolume>
            <LoopBehaviour>None</LoopBehaviour>
            <Samples>
                <WadSample>
                    <FileName>TR3_LARA_CLIMB1_01.wav</FileName>
                </WadSample>
            </Samples>
            <Global>false</Global>
            <Indexed>true</Indexed>
        </WadSoundInfo>
        <WadSoundInfo>
            <Id>26</Id>
            <Name>TR3_LARA_CLIMB3</Name>
            <Volume>55</Volume>
            <RangeInSectors>13</RangeInSectors>
            <Chance>100</Chance>
            <PitchFactor>6</PitchFactor>
            <DisablePanning>false</DisablePanning>
            <RandomizePitch>false</RandomizePitch>
            <RandomizeVolume>true</RandomizeVolume>
            <LoopBehaviour>None</LoopBehaviour>
            <Samples>
                <WadSample>
                    <FileName>TR3_LARA_CLIMB3_01.wav</FileName>
                </WadSample>
            </Samples>
            <Global>false</Global>
            <Indexed>true</Indexed>
        </WadSoundInfo>
        <WadSoundInfo>
            <Id>29</Id>
            <Name>TR3_LARA_JUMP</Name>
            <Volume>50</Volume>
            <RangeInSectors>13</RangeInSectors>
            <Chance>50</Chance>
            <PitchFactor>10</PitchFactor>
            <DisablePanning>false</DisablePanning>
            <RandomizePitch>true</RandomizePitch>
            <RandomizeVolume>true</RandomizeVolume>
            <LoopBehaviour>None</LoopBehaviour>
            <Samples>
                <WadSample>
                    <FileName>TR3_LARA_JUMP_01.wav</FileName>
                </WadSample>
            </Samples>
            <Global>false</Global>
            <Indexed>true</Indexed>
        </WadSoundInfo>
        <WadSoundInfo>
            <Id>31</Id>
            <Name>TR3_LARA_INJURY</Name>
            <Volume>60</Volume>
            <RangeInSectors>13</RangeInSectors>
            <Chance>40</Chance>
            <PitchFactor>30</PitchFactor>
            <DisablePanning>false</DisablePanning>
            <RandomizePitch>false</RandomizePitch>
            <RandomizeVolume>true</RandomizeVolume>
            <LoopBehaviour>None</LoopBehaviour>
            <Samples>
                <WadSample>
                    <FileName>TR3_LARA_INJURY_01.wav</FileName>
                </WadSample>
                <WadSample>
                    <FileName>TR3_LARA_INJURY_02.wav</FileName>
                </WadSample>
            </Samples>
            <Global>true</Global>
            <Indexed>true</Indexed>
        </WadSoundInfo>
        <WadSoundInfo>
            <Id>32</Id>
            <Name>TR3_LARA_ROLL</Name>
            <Volume>35</Volume>
            <RangeInSectors>13</RangeInSectors>
            <Chance>100</Chance>
            <PitchFactor>15</PitchFactor>
            <DisablePanning>false</DisablePanning>
            <RandomizePitch>true</RandomizePitch>
            <RandomizeVolume>true</RandomizeVolume>
            <LoopBehaviour>None</LoopBehaviour>
            <Samples>
                <WadSample>
                    <FileName>TR3_LARA_ROLL_01.wav</FileName>
                </WadSample>
            </Samples>
            <Global>false</Global>
            <Indexed>true</Indexed>
        </WadSoundInfo>
        <WadSoundInfo>
            <Id>33</Id>
            <Name>TR3_LARA_SPLASH</Name>
            <Volume>95</Volume>
            <RangeInSectors>13</RangeInSectors>
            <Chance>100</Chance>
            <PitchFactor>40</PitchFactor>
            <DisablePanning>false</DisablePanning>
            <RandomizePitch>true</RandomizePitch>
            <RandomizeVolume>true</RandomizeVolume>
            <LoopBehaviour>None</LoopBehaviour>
            <Samples>
                <WadSample>
                    <FileName>TR3_LARA_SPLASH_01.wav</FileName>
                </WadSample>
            </Samples>
            <Global>true</Global>
            <Indexed>true</Indexed>
        </WadSoundInfo>
        <WadSoundInfo>
            <Id>34</Id>
            <Name>TR3_LARA_GETOUT</Name>
            <Volume>60</Volume>
            <RangeInSectors>13</RangeInSectors>
            <Chance>100</Chance>
            <PitchFactor>30</PitchFactor>
            <DisablePanning>false</DisablePanning>
            <RandomizePitch>true</RandomizePitch>
            <RandomizeVolume>true</RandomizeVolume>
            <LoopBehaviour>None</LoopBehaviour>
            <Samples>
                <WadSample>
                    <FileName>TR3_LARA_GETOUT_01.wav</FileName>
                </WadSample>
            </Samples>
            <Global>true</Global>
            <Indexed>true</Indexed>
        </WadSoundInfo>
        <WadSoundInfo>
            <Id>36</Id>
            <Name>TR3_LARA_BREATH</Name>
            <Volume>40</Volume>
            <RangeInSectors>13</RangeInSectors>
            <Chance>100</Chance>
            <PitchFactor>40</PitchFactor>
            <DisablePanning>false</DisablePanning>
            <RandomizePitch>false</RandomizePitch>
            <RandomizeVolume>true</RandomizeVolume>
            <LoopBehaviour>None</LoopBehaviour>
            <Samples>
                <WadSample>
                    <FileName>TR3_LARA_BREATH_01.wav</FileName>
                </WadSample>
            </Samples>
            <Global>true</Global>
            <Indexed>true</Indexed>
        </WadSoundInfo>
        <WadSoundInfo>
            <Id>41</Id>
            <Name>TR3_LARA_GENERAL_DEATH</Name>
            <Volume>70</Volume>
            <RangeInSectors>13</RangeInSectors>
            <Chance>100</Chance>
            <PitchFactor>0</PitchFactor>
            <DisablePanning>false</DisablePanning>
            <RandomizePitch>true</RandomizePitch>
            <RandomizeVolume>true</RandomizeVolume>
            <LoopBehaviour>None</LoopBehaviour>
            <Samples>
                <WadSample>
                    <FileName>TR3_LARA_GENERAL_DEATH_01.wav</FileName>
                </WadSample>
            </Samples>
            <Global>true</Global>
            <Indexed>true</Indexed>
        </WadSoundInfo>
        <WadSoundInfo>
            <Id>42</Id>
            <Name>TR3_LARA_KNEES_DEATH</Name>
            <Volume>70</Volume>
            <RangeInSectors>13</RangeInSectors>
            <Chance>100</Chance>
            <PitchFactor>0</PitchFactor>
            <DisablePanning>false</DisablePanning>
            <RandomizePitch>true</RandomizePitch>
            <RandomizeVolume>true</RandomizeVolume>
            <LoopBehaviour>None</LoopBehaviour>
            <Samples>
                <WadSample>
                    <FileName>TR3_LARA_KNEES_DEATH_01.wav</FileName>
                </WadSample>
            </Samples>
            <Global>false</Global>
            <Indexed>true</Indexed>
        </WadSoundInfo>
        <WadSoundInfo>
            <Id>45</Id>
            <Name>TR3_LARA_SHOTGUN</Name>
            <Volume>80</Volume>
            <RangeInSectors>13</RangeInSectors>
            <Chance>100</Chance>
            <PitchFactor>40</PitchFactor>
            <DisablePanning>false</DisablePanning>
            <RandomizePitch>false</RandomizePitch>
            <RandomizeVolume>true</RandomizeVolume>
            <LoopBehaviour>None</LoopBehaviour>
            <Samples>
                <WadSample>
                    <FileName>TR3_LARA_SHOTGUN_01.wav</FileName>
                </WadSample>
            </Samples>
            <Global>true</Global>
            <Indexed>true</Indexed>
        </WadSoundInfo>
        <WadSoundInfo>
            <Id>46</Id>
            <Name>TR3_LARA_BLOCK_PUSH1</Name>
            <Volume>55</Volume>
            <RangeInSectors>13</RangeInSectors>
            <Chance>100</Chance>
            <PitchFactor>0</PitchFactor>
            <DisablePanning>false</DisablePanning>
            <RandomizePitch>false</RandomizePitch>
            <RandomizeVolume>true</RandomizeVolume>
            <LoopBehaviour>OneShotRewound</LoopBehaviour>
            <Samples>
                <WadSample>
                    <FileName>TR3_LARA_BLOCK_PUSH1_01.wav</FileName>
                </WadSample>
            </Samples>
            <Global>false</Global>
            <Indexed>true</Indexed>
        </WadSoundInfo>
        <WadSoundInfo>
            <Id>47</Id>
            <Name>TR3_LARA_BLOCK_PUSH2</Name>
            <Volume>55</Volume>
            <RangeInSectors>13</RangeInSectors>
            <Chance>50</Chance>
            <PitchFactor>0</PitchFactor>
            <DisablePanning>false</DisablePanning>
            <RandomizePitch>false</RandomizePitch>
            <RandomizeVolume>true</RandomizeVolume>
            <LoopBehaviour>OneShotRewound</LoopBehaviour>
            <Samples>
                <WadSample>
                    <FileName>TR3_LARA_BLOCK_PUSH2_01.wav</FileName>
                </WadSample>
                <WadSample>
                    <FileName>TR3_LARA_BLOCK_PUSH2_02.wav</FileName>
                </WadSample>
            </Samples>
            <Global>false</Global>
            <Indexed>true</Indexed>
        </WadSoundInfo>
        <WadSoundInfo>
            <Id>50</Id>
            <Name>TR3_LARA_BULLETHIT</Name>
            <Volume>100</Volume>
            <RangeInSectors>13</RangeInSectors>
            <Chance>50</Chance>
            <PitchFactor>0</PitchFactor>
            <DisablePanning>false</DisablePanning>
            <RandomizePitch>true</RandomizePitch>
            <RandomizeVolume>true</RandomizeVolume>
            <LoopBehaviour>None</LoopBehaviour>
            <Samples>
                <WadSample>
                    <FileName>TR3_LARA_BULLETHIT_01.wav</FileName>
                </WadSample>
            </Samples>
            <Global>true</Global>
            <Indexed>false</Indexed>
        </WadSoundInfo>
        <WadSoundInfo>
            <Id>51</Id>
            <Name>TR3_LARA_BLKPULL</Name>
            <Volume>60</Volume>
            <RangeInSectors>13</RangeInSectors>
            <Chance>100</Chance>
            <PitchFactor>0</PitchFactor>
            <DisablePanning>false</DisablePanning>
            <RandomizePitch>false</RandomizePitch>
            <RandomizeVolume>true</RandomizeVolume>
            <LoopBehaviour>OneShotRewound</LoopBehaviour>
            <Samples>
                <WadSample>
                    <FileName>TR3_LARA_BLKPULL_02.wav</FileName>
                </WadSample>
                <WadSample>
                    <FileName>TR3_LARA_BLKPULL_01.wav</FileName>
                </WadSample>
            </Samples>
            <Global>false</Global>
            <Indexed>true</Indexed>
        </WadSoundInfo>
        <WadSoundInfo>
            <Id>53</Id>
            <Name>TR3_LARA_FALLDEATH</Name>
            <Volume>80</Volume>
            <RangeInSectors>13</RangeInSectors>
            <Chance>100</Chance>
            <PitchFactor>20</PitchFactor>
            <DisablePanning>false</DisablePanning>
            <RandomizePitch>true</RandomizePitch>
            <RandomizeVolume>true</RandomizeVolume>
            <LoopBehaviour>None</LoopBehaviour>
            <Samples>
                <WadSample>
                    <FileName>TR3_LARA_FALLDEATH_01.wav</FileName>
                </WadSample>
            </Samples>
            <Global>true</Global>
            <Indexed>true</Indexed>
        </WadSoundInfo>
        <WadSoundInfo>
            <Id>55</Id>
            <Name>TR3_LARA_GRABBODY</Name>
            <Volume>50</Volume>
            <RangeInSectors>13</RangeInSectors>
            <Chance>100</Chance>
            <PitchFactor>0</PitchFactor>
            <DisablePanning>false</DisablePanning>
            <RandomizePitch>true</RandomizePitch>
            <RandomizeVolume>true</RandomizeVolume>
            <LoopBehaviour>None</LoopBehaviour>
            <Samples>
                <WadSample>
                    <FileName>TR3_LARA_GRABBODY_01.wav</FileName>
                </WadSample>
            </Samples>
            <Global>false</Global>
            <Indexed>true</Indexed>
        </WadSoundInfo>
        <WadSoundInfo>
            <Id>63</Id>
            <Name>TR3_BLOCK_SOUND</Name>
            <Volume>46</Volume>
            <RangeInSectors>10</RangeInSectors>
            <Chance>100</Chance>
            <PitchFactor>5</PitchFactor>
            <DisablePanning>false</DisablePanning>
            <RandomizePitch>false</RandomizePitch>
            <RandomizeVolume>false</RandomizeVolume>
            <LoopBehaviour>OneShotRewound</LoopBehaviour>
            <Samples>
                <WadSample>
                    <FileName>TR3_BLOCK_SOUND_01.wav</FileName>
                </WadSample>
            </Samples>
            <Global>false</Global>
            <Indexed>true</Indexed>
        </WadSoundInfo>
        <WadSoundInfo>
            <Id>108</Id>
            <Name>TR3_MENU_ROTATE</Name>
            <Volume>20</Volume>
            <RangeInSectors>10</RangeInSectors>
            <Chance>100</Chance>
            <PitchFactor>62</PitchFactor>
            <DisablePanning>false</DisablePanning>
            <RandomizePitch>false</RandomizePitch>
            <RandomizeVolume>false</RandomizeVolume>
            <LoopBehaviour>None</LoopBehaviour>
            <Samples>
                <WadSample>
                    <FileName>TR3_MENU_ROTATE_01.wav</FileName>
                </WadSample>
            </Samples>
            <Global>true</Global>
            <Indexed>true</Indexed>
        </WadSoundInfo>
        <WadSoundInfo>
            <Id>109</Id>
            <Name>TR3_MENU_CHOOSE</Name>
            <Volume>70</Volume>
            <RangeInSectors>10</RangeInSectors>
            <Chance>100</Chance>
            <PitchFactor>5</PitchFactor>
            <DisablePanning>false</DisablePanning>
            <RandomizePitch>false</RandomizePitch>
            <RandomizeVolume>false</RandomizeVolume>
            <LoopBehaviour>None</LoopBehaviour>
            <Samples>
                <WadSample>
                    <FileName>TR3_MENU_CHOOSE_01.wav</FileName>
                </WadSample>
            </Samples>
            <Global>false</Global>
            <Indexed>true</Indexed>
        </WadSoundInfo>
        <WadSoundInfo>
            <Id>110</Id>
            <Name>TR3_MENU_GAMEBOY</Name>
            <Volume>70</Volume>
            <RangeInSectors>10</RangeInSectors>
            <Chance>100</Chance>
            <PitchFactor>5</PitchFactor>
            <DisablePanning>false</DisablePanning>
            <RandomizePitch>false</RandomizePitch>
            <RandomizeVolume>false</RandomizeVolume>
            <LoopBehaviour>None</LoopBehaviour>
            <Samples>
                <WadSample>
                    <FileName>TR3_MENU_CHOOSE_01.wav</FileName>
                </WadSample>
            </Samples>
            <Global>false</Global>
            <Indexed>false</Indexed>
        </WadSoundInfo>
        <WadSoundInfo>
            <Id>111</Id>
            <Name>TR3_MENU_SPININ</Name>
            <Volume>55</Volume>
            <RangeInSectors>10</RangeInSectors>
            <Chance>100</Chance>
            <PitchFactor>14</PitchFactor>
            <DisablePanning>false</DisablePanning>
            <RandomizePitch>false</RandomizePitch>
            <RandomizeVolume>false</RandomizeVolume>
            <LoopBehaviour>None</LoopBehaviour>
            <Samples>
                <WadSample>
                    <FileName>TR3_MENU_SPININ_01.wav</FileName>
                </WadSample>
            </Samples>
            <Global>true</Global>
            <Indexed>true</Indexed>
        </WadSoundInfo>
        <WadSoundInfo>
            <Id>112</Id>
            <Name>TR3_MENU_SPINOUT</Name>
            <Volume>35</Volume>
            <RangeInSectors>10</RangeInSectors>
            <Chance>100</Chance>
            <PitchFactor>14</PitchFactor>
            <DisablePanning>false</DisablePanning>
            <RandomizePitch>false</RandomizePitch>
            <RandomizeVolume>false</RandomizeVolume>
            <LoopBehaviour>None</LoopBehaviour>
            <Samples>
                <WadSample>
                    <FileName>TR3_MENU_SPININ_01.wav</FileName>
                </WadSample>
            </Samples>
            <Global>true</Global>
            <Indexed>true</Indexed>
        </WadSoundInfo>
        <WadSoundInfo>
            <Id>113</Id>
            <Name>TR3_MENU_STOPWATCH</Name>
            <Volume>70</Volume>
            <RangeInSectors>10</RangeInSectors>
            <Chance>100</Chance>
            <PitchFactor>5</PitchFactor>
            <DisablePanning>false</DisablePanning>
            <RandomizePitch>false</RandomizePitch>
            <RandomizeVolume>false</RandomizeVolume>
            <LoopBehaviour>None</LoopBehaviour>
            <Samples>
                <WadSample>
                    <FileName>TR3_MENU_CHOOSE_01.wav</FileName>
                </WadSample>
            </Samples>
            <Global>true</Global>
            <Indexed>false</Indexed>
        </WadSoundInfo>
        <WadSoundInfo>
            <Id>114</Id>
            <Name>TR3_MENU_GUNS</Name>
            <Volume>70</Volume>
            <RangeInSectors>10</RangeInSectors>
            <Chance>100</Chance>
            <PitchFactor>40</PitchFactor>
            <DisablePanning>false</DisablePanning>
            <RandomizePitch>false</RandomizePitch>
            <RandomizeVolume>false</RandomizeVolume>
            <LoopBehaviour>None</LoopBehaviour>
            <Samples>
                <WadSample>
                    <FileName>TR3_MENU_GUNS_01.wav</FileName>
                </WadSample>
            </Samples>
            <Global>false</Global>
            <Indexed>true</Indexed>
        </WadSoundInfo>
        <WadSoundInfo>
            <Id>115</Id>
            <Name>TR3_MENU_PASSPORT</Name>
            <Volume>30</Volume>
            <RangeInSectors>10</RangeInSectors>
            <Chance>100</Chance>
            <PitchFactor>40</PitchFactor>
            <DisablePanning>false</DisablePanning>
            <RandomizePitch>false</RandomizePitch>
            <RandomizeVolume>false</RandomizeVolume>
            <LoopBehaviour>None</LoopBehaviour>
            <Samples>
                <WadSample>
                    <FileName>TR3_MENU_PASSPORT_01.wav</FileName>
                </WadSample>
            </Samples>
            <Global>true</Global>
            <Indexed>true</Indexed>
        </WadSoundInfo>
        <WadSoundInfo>
            <Id>116</Id>
            <Name>TR3_MENU_MEDI</Name>
            <Volume>30</Volume>
            <RangeInSectors>10</RangeInSectors>
            <Chance>100</Chance>
            <PitchFactor>23</PitchFactor>
            <DisablePanning>false</DisablePanning>
            <RandomizePitch>false</RandomizePitch>
            <RandomizeVolume>false</RandomizeVolume>
            <LoopBehaviour>None</LoopBehaviour>
            <Samples>
                <WadSample>
                    <FileName>TR3_MENU_MEDI_01.wav</FileName>
                </WadSample>
            </Samples>
            <Global>true</Global>
            <Indexed>true</Indexed>
        </WadSoundInfo>
        <WadSoundInfo>
            <Id>143</Id>
            <Name>TR3_GENERIC_BODY_SLAM</Name>
            <Volume>30</Volume>
            <RangeInSectors>10</RangeInSectors>
            <Chance>100</Chance>
            <PitchFactor>0</PitchFactor>
            <DisablePanning>false</DisablePanning>
            <RandomizePitch>false</RandomizePitch>
            <RandomizeVolume>false</RandomizeVolume>
            <LoopBehaviour>None</LoopBehaviour>
            <Samples>
                <WadSample>
                    <FileName>TR3_GENERIC_BODY_SLAM_01.wav</FileName>
                </WadSample>
            </Samples>
            <Global>false</Global>
            <Indexed>true</Indexed>
        </WadSoundInfo>
        <WadSoundInfo>
            <Id>337</Id>
            <Name>TR3_TICK_TOCK</Name>
            <Volume>70</Volume>
            <RangeInSectors>5</RangeInSectors>
            <Chance>100</Chance>
            <PitchFactor>-86</PitchFactor>
            <DisablePanning>true</DisablePanning>
            <RandomizePitch>false</RandomizePitch>
            <RandomizeVolume>false</RandomizeVolume>
            <LoopBehaviour>Looped</LoopBehaviour>
            <Samples>
                <WadSample>
                    <FileName>TR3_TICK_TOCK_01.wav</FileName>
                </WadSample>
            </Samples>
            <Global>false</Global>
            <Indexed>true</Indexed>
        </WadSoundInfo>
    </SoundInfos>
</WadSounds>